lang,start,end
epo,0,265495
deu,265495,953493
yue,953493,1011286
hak,1011286,1044996
cmn,1044996,3844292
cnx,3844292,3854550
kwe,3854550,3854585
lij,3854585,3881762
vie,3881762,4164145
fin,4164145,4496825
dak,4496825,4497498
opm,4497498,4502227
tpi,4502227,4509457
bvr,4509457,4514917
eng,4514917,7507756
kpq,7507756,7508531
lat,7508531,7755129
lfn,7755129,7771768
jer,7771768,7772006
pka,7772006,7772020
rmy,7772020,7773646
rmt,7773646,7773705
bom,7773705,7773858
bal,7773858,7774847
bfz,7774847,7774858
mve,7774858,7774859
kor,7774859,7973028
lah,7973028,7973066
scl,7973066,7973970
kas,7973970,7980165
guj,7980165,8058942
rmc,8058942,8066696
kfy,8066696,8066734
fra,8066734,8761191
jpn,8761191,9633881
lim,9633881,9658304
ain,9658304,9666649
ddo,9666649,9669841
ivb,9669841,9675120
ita,9675120,10167470
spa,10167470,10765010
ido,10765010,10796770
wab,10796770,10796939
mtv,10796939,10797585
mqz,10797585,10798132
bbv,10798132,10798318
apr,10798318,10798567
mmt,10798567,10798901
ggt,10798901,10799199
met,10799199,10799460
roe,10799460,10799668
etc,10799668,10799669
pgd,10799669,10812445
ipk,10812445,10812448
ntw,10812448,10812449
igl,10812449,10812946
waa,10812946,10812947
ndd,10812947,10813629
etu,10813629,10813841
cng,10813841,10840394
bmo,10840394,10840395
sna,10840395,10863815
mfu,10863815,10863828
tyi,10863828,10863829
nui,10863829,10863830
lmp,10863830,10865484
nya,10865484,10872592
kck,10872592,10876070
twx,10876070,10876071
tso,10876071,10876231
smx,10876231,10876232
noq,10876232,10876233
bem,10876233,10883493
lea,10883493,10885025
bvb,10885025,10885078
lse,10885078,10885081
vmk,10885081,10885082
iyx,10885082,10885083
sop,10885083,10885153
skt,10885153,10886664
nyo,10886664,10888258
myx,10888258,10889995
nxi,10889995,10889996
zmw,10889996,10889997
loz,10889997,10908783
shq,10908783,10908784
kmb,10908784,10908849
cjk,10908849,10908892
lke,10908892,10908893
bpj,10908893,10908894
rwm,10908894,10908896
lli,10908896,10908898
uya,10908898,10908899
mgo,10908899,10909099
bwg,10909099,10909100
oml,10909100,10909112
pof,10909112,10909113
loo,10909113,10909114
mcx,10909114,10910412
ukh,10910412,10910413
lkb,10910413,10910414
lol,10910414,10910479
sak,10910479,10910481
tiv,10910481,10910565
vau,10910565,10910566
auh,10910566,10910567
ndc,10910567,10910579
kwy,10910579,10910616
xog,10910616,10912699
trv,10912699,10913971
lua,10913971,10925698
dhl,10925698,10927650
sgm,10927650,10927651
som,10927651,10930584
tlh,10930584,10932884
adq,10932884,10932885
bqg,10932885,10932886
bwt,10932886,10933349
uig,10933349,11680984
rsb,11680984,11680985
gvf,11680985,11682375
zkg,11682375,11682585
ata,11682585,11685508
kew,11685508,11690895
njo,11690895,11691317
wep,11691317,11691318
nlz,11691318,11691677
kef,11691677,11691678
wci,11691678,11691679
stq,11691679,11712759
ybh,11712759,11714272
npl,11714272,11716047
glg,11716047,11793455
tzl,11793455,11815429
umc,11815429,11815431
xvs,11815431,11815433
xvn,11815433,11815439
swe,11815439,12018188
nuy,12018188,12020778
hlu,12020778,12020779
htx,12020779,12020780
thq,12020780,12037066
npi,12037066,12061917
see,12061917,12064888
ile,12064888,12082895
isl,12082895,12192886
fao,12192886,12206514
kfm,12206514,12209952
mla,12209952,12211827
ina,12211827,12243567
zlm,12243567,12246396
slk,12246396,12374834
frr,12374834,12375549
cat,12375549,12529016
tur,12529016,12771741
pol,12771741,13059557
hun,13059557,13316588
jbo,13316588,13335368
mri,13335368,13352910
bol,13352910,13353378
gez,13353378,13354054
tuk,13354054,13373162
diq,13373162,13374503
nld,13374503,13658616
srd,13658616,13665088
wln,13665088,13669826
mlg,13669826,13671620
hsb,13671620,13679140
azj,13679140,13714527
lao,13714527,13728143
dan,13728143,13848700
nrn,13848700,13855113
xal,13855113,13876288
rus,13876288,15092259
tsd,15092259,15096871
wlc,15096871,15096872
nor,15096872,15096943
pgn,15096943,15096945
bht,15096945,15096946
cdh,15096946,15096947
ttg,15096947,15096948
bhd,15096948,15096949
plk,15096949,15096950
cdj,15096950,15096951
sgt,15096951,15096952
trm,15096952,15096953
nna,15096953,15100318
lad,15100318,15105545
dgl,15105545,15105843
kyf,15105843,15105844
bmu,15105844,15118130
kmg,15118130,15121827
ksr,15121827,15129133
iry,15129133,15129134
tdy,15129134,15129135
bku,15129135,15129156
myz,15129156,15129169
uga,15129169,15129258
xsa,15129258,15129273
dnj,15129273,15132561
tmr,15132561,15132575
uma,15132575,15132636
wsg,15132636,15137406
hbo,15137406,15138974
syc,15138974,15139809
roh,15139809,15148860
gom,15148860,15175595
mid,15175595,15175720
evn,15175720,15177843
hnn,15177843,15178698
kat,15178698,15219631
arb,15219631,15499608
ell,15499608,15638493
kkw,15638493,15638504
ifm,15638504,15638505
bul,15638505,15739523
pnb,15739523,15740027
sms,15740027,15745260
wuu,15745260,15763106
plc,15763106,15763183
ttt,15763183,15765018
lez,15765018,15770597
mul,15770597,15770928
trg,15770928,15770939
bph,15770939,15773457
vmb,15773457,15773504
bfs,15773504,15773897
thf,15773897,15775558
mya,15775558,15781131
aer,15781131,15781206
aae,15781206,15781220
acx,15781220,15781232
aao,15781232,15781233
dja,15781233,15781234
dgw,15781234,15781235
lja,15781235,15781236
pnj,15781236,15781237
weg,15781237,15781277
wth,15781277,15781278
xjt,15781278,15781279
rbp,15781279,15781280
tjw,15781280,15781281
xwd,15781281,15781282
yxg,15781282,15781283
koi,15781283,15782146
tyv,15782146,15788097
nbj,15788097,15788392
dhg,15788392,15796328
gcd,15796328,15796956
bak,15796956,15802776
nog,15802776,15804946
unn,15804946,15804947
kld,15804947,15810089
awk,15810089,15810169
kum,15810169,15813296
lgh,15813296,15813307
xdk,15813307,15813308
gbw,15813308,15813309
gml,15813309,15813350
osx,15813350,15813618
egl,15813618,15814096
xcg,15814096,15814544
gmy,15814544,15814688
grc,15814688,15829137
bel,15829137,15975058
ukr,15975058,16056253
hit,16056253,16064812
xld,16064812,16064822
xlu,16064822,16064936
oss,16064936,16116777
xsc,16116777,16116779
ave,16116779,16122096
xco,16122096,16122108
sgr,16122108,16122149
glk,16122149,16122232
mzn,16122232,16123632
bcc,16123632,16125369
bgn,16125369,16127238
sdh,16127238,16127254
prn,16127254,16127266
xvi,16127266,16127312
rmw,16127312,16127377
sin,16127377,16132069
div,16132069,16133744
gwt,16133744,16133790
snd,16133790,16139525
hin,16139525,16417408
pan,16417408,16460985
ory,16460985,16466533
ben,16466533,16538848
asm,16538848,16549554
brh,16549554,16549774
kru,16549774,16549970
tel,16549970,16657878
kfc,16657878,16662561
kxv,16662561,16666684
kfa,16666684,16666699
kfi,16666699,16666710
tcx,16666710,16666757
tam,16666757,16802963
nlx,16802963,16802975
eus,16802975,16869344
ars,16869344,16869357
acq,16869357,16869368
apc,16869368,16869584
acy,16869584,16869722
acm,16869722,16869781
arz,16869781,16872217
ayl,16872217,16872327
arq,16872327,16872423
ary,16872423,16877004
apd,16877004,16877051
phn,16877051,16877155
heb,16877155,17013784
oar,17013784,17015501
jpa,17015501,17015513
sam,17015513,17015526
aii,17015526,17016043
cld,17016043,17016118
lsd,17016118,17016141
amw,17016141,17016188
hss,17016188,17016252
shv,17016252,17016354
sqt,17016354,17016438
tig,17016438,17016939
tir,17016939,17021494
har,17021494,17021579
zwa,17021579,17021623
cop,17021623,17022781
shi,17022781,17028574
tzm,17028574,17034313
kab,17034313,17045123
rif,17045123,17046820
shy,17046820,17046838
mzb,17046838,17046903
gha,17046903,17046979
amf,17046979,17047146
mdx,17047146,17047290
sze,17047290,17047301
moy,17047301,17047536
bwo,17047536,17047713
bcq,17047713,17047991
bst,17047991,17048135
alt,17048135,17050242
oyd,17050242,17050380
wal,17050380,17050765
bej,17050765,17051684
dox,17051684,17051860
hed,17051860,17051893
lme,17051893,17052939
daa,17052939,17053274
bid,17053274,17053881
bva,17053881,17054935
gqa,17054935,17055818
ttr,17055818,17056573
hwo,17056573,17057045
hbb,17057045,17057107
hig,17057107,17058583
ziz,17058583,17059045
syk,17059045,17059057
xed,17059057,17059127
gdf,17059127,17059627
maf,17059627,17060159
gou,17060159,17060170
gdu,17060170,17060606
nja,17060606,17061021
mug,17061021,17061208
gid,17061208,17061249
bdm,17061249,17061311
kai,17061311,17061738
bxq,17061738,17061749
kks,17061749,17061799
glo,17061799,17061850
kna,17061850,17062298
tal,17062298,17062306
cla,17062306,17063331
mmf,17063331,17063380
kul,17063380,17063764
ngi,17063764,17064284
mkf,17064284,17064684
bbt,17064684,17064691
zns,17064691,17064702
juu,17064702,17064713
plj,17064713,17066180
say,17066180,17066606
abk,17066606,17078384
abq,17078384,17090702
kbd,17090702,17092177
ady,17092177,17095295
che,17095295,17102778
inh,17102778,17108726
huz,17108726,17110224
tab,17110224,17114393
xmf,17114393,17114778
sva,17114778,17115000
dil,17115000,17115245
muz,17115245,17115579
koe,17115579,17115841
suq,17115841,17116099
mym,17116099,17116359
tbi,17116359,17116470
nyi,17116470,17116646
sjg,17116646,17116777
shk,17116777,17116948
anu,17116948,17117093
alz,17117093,17117143
laj,17117143,17117194
dib,17117194,17121998
dik,17121998,17122059
bfa,17122059,17122201
sgc,17122201,17122244
eyo,17122244,17122255
tuy,17122255,17122306
enb,17122306,17122354
kpz,17122354,17122361
spy,17122361,17122436
tec,17122436,17122448
oki,17122448,17122490
omt,17122490,17122533
teu,17122533,17122676
krs,17122676,17123422
bdh,17123422,17123469
blm,17123469,17123478
myb,17123478,17124545
kcm,17124545,17124715
mne,17124715,17124727
mgd,17124727,17125003
avu,17125003,17125094
kbo,17125094,17125146
log,17125146,17125199
mhi,17125199,17125330
wti,17125330,17125884
kun,17125884,17127318
gly,17127318,17127490
kmq,17127490,17127878
xom,17127878,17128224
kbl,17128224,17128414
mde,17128414,17129413
mls,17129413,17130029
ddn,17130029,17130078
mrg,17130078,17130126
xtc,17130126,17131857
kcr,17131857,17132022
tms,17132022,17132130
fuj,17132130,17132458
wrn,17132458,17132637
otr,17132637,17132992
lof,17132992,17133277
shw,17133277,17133603
laf,17133603,17134464
jle,17134464,17134737
dec,17134737,17134962
ras,17134962,17135247
tag,17135247,17135831
hts,17135831,17136101
sad,17136101,17136377
knw,17136377,17136778
ktz,17136778,17137683
naq,17137683,17138582
xii,17138582,17138588
nhr,17138588,17139074
xuu,17139074,17139773
gnk,17139773,17140009
gwj,17140009,17140257
nmn,17140257,17141714
kno,17141714,17141849
vai,17141849,17142831
goa,17142831,17143044
bqp,17143044,17143232
fuc,17143232,17145183
ffm,17145183,17145268
srr,17145268,17145566
fap,17145566,17145775
cae,17145775,17145985
ndv,17145985,17146186
snf,17146186,17146394
sav,17146394,17146590
ble,17146590,17146813
bjt,17146813,17146881
bda,17146881,17146887
cwt,17146887,17146894
dyo,17146894,17147664
bif,17147664,17147886
ccj,17147886,17147894
cou,17147894,17147929
bmf,17147929,17147987
buy,17147987,17148198
kss,17148198,17148260
god,17148260,17148763
dic,17148763,17148825
ney,17148825,17149058
grb,17149058,17149491
lor,17149491,17149858
wib,17149858,17149869
seq,17149869,17149880
wwa,17149880,17149920
gur,17149920,17150329
kus,17150329,17150479
aks,17150479,17150520
bud,17150520,17150672
gng,17150672,17150795
pil,17150795,17150983
nmz,17150983,17151094
xsm,17151094,17151354
tpm,17151354,17151474
kbp,17151474,17151630
las,17151630,17151757
kdh,17151757,17151872
lob,17151872,17152262
klc,17152262,17152273
pfe,17152273,17152727
mcs,17152727,17152739
ldk,17152739,17152828
glj,17152828,17152875
ngb,17152875,17152886
sag,17152886,17153785
idr,17153785,17153796
bdj,17153796,17154018
muh,17154018,17154262
bkc,17154262,17154913
zmz,17154913,17155143
ijc,17155143,17156123
eot,17156123,17156480
aka,17156480,17157738
twi,17157738,17157845
any,17157845,17158273
afu,17158273,17158415
cpn,17158415,17158530
lar,17158530,17158681
nko,17158681,17158929
nlu,17158929,17159039
acd,17159039,17159890
ayg,17159890,17160028
kye,17160028,17161015
akp,17161015,17161280
lip,17161280,17161491
snw,17161491,17161709
avn,17161709,17161892
ewe,17161892,17165270
fon,17165270,17165370
abi,17165370,17165828
igb,17165828,17166110
ged,17166110,17166162
idu,17166162,17166202
enn,17166202,17166267
deg,17166267,17166348
bin,17166348,17166429
ema,17166429,17166504
olm,17166504,17166515
oks,17166515,17166567
izz,17166567,17166610
ikw,17166610,17166728
juk,17166728,17166863
nza,17166863,17166887
ogu,17166887,17166933
gkn,17166933,17167389
ogo,17167389,17167438
elm,17167438,17167443
ibb,17167443,17171427
okb,17171427,17171668
yaz,17171668,17171772
agb,17171772,17171875
nbo,17171875,17171960
iko,17171960,17172206
org,17172206,17172368
bcs,17172368,17172555
umm,17172555,17172593
cch,17172593,17172687
cbo,17172687,17172699
nat,17172699,17172711
cdr,17172711,17172949
etx,17172949,17173495
kcg,17173495,17173939
ldb,17173939,17174039
bqv,17174039,17174050
kaj,17174050,17174350
ikl,17174350,17174406
nin,17174406,17174569
kdp,17174569,17174727
rin,17174727,17174921
pym,17174921,17175041
yer,17175041,17175189
bky,17175189,17175327
btt,17175327,17175407
bgu,17175407,17175419
mcj,17175419,17175431
jgk,17175431,17175590
jjr,17175590,17175668
mbu,17175668,17175787
bbu,17175787,17175958
abm,17175958,17176154
isi,17176154,17176668
nbp,17176668,17176904
eka,17176904,17177238
ken,17177238,17177500
add,17177500,17177694
nfu,17177694,17179365
kdz,17179365,17179488
yam,17179488,17179560
mtk,17179560,17179571
bax,17179571,17179980
bxr,17179980,17182454
nge,17182454,17182821
baw,17182821,17182858
pny,17182858,17184392
bfd,17184392,17184550
nla,17184550,17184562
fmp,17184562,17185948
ybb,17185948,17188343
bbj,17188343,17189622
byv,17189622,17190452
nnh,17190452,17190679
nwe,17190679,17191397
agq,17191397,17192263
bmv,17192263,17194246
oku,17194246,17194780
lns,17194780,17194823
ndb,17194823,17194988
bav,17194988,17195563
bvm,17195563,17195574
lmx,17195574,17195937
dmo,17195937,17195978
nhu,17195978,17196032
bdu,17196032,17196210
bss,17196210,17196354
bri,17196354,17198271
bnm,17198271,17198283
bng,17198283,17198323
tvu,17198323,17200733
nvo,17200733,17200765
lem,17200765,17200806
dii,17200806,17200817
ksf,17200817,17201273
ngy,17201273,17201317
bum,17201317,17201366
ewo,17201366,17201843
syi,17201843,17201854
keb,17201854,17201893
mbm,17201893,17201973
nmd,17201973,17202464
teg,17202464,17204421
ngz,17204421,17204431
ebo,17204431,17204478
tek,17204478,17205441
tyx,17205441,17205451
tii,17205451,17205488
axk,17205488,17205532
koh,17205532,17207748
nto,17207748,17207870
kbj,17207870,17207877
soz,17207877,17209220
thk,17209220,17210554
dig,17210554,17210594
nim,17210594,17212304
swh,17212304,17277316
ked,17277316,17279881
nnb,17279881,17282008
luj,17282008,17282017
kcv,17282017,17282055
nka,17282055,17282258
chw,17282258,17282269
sma,17282269,17305833
mrj,17305833,17306306
kca,17306306,17309232
yrk,17309232,17313452
enf,17313452,17313563
nio,17313563,17313905
xas,17313905,17314728
chv,17314728,17331410
kjh,17331410,17332323
tat,17332323,17360239
clw,17360239,17360281
khk,17360281,17403600
eve,17403600,17404109
gld,17404109,17404877
ulc,17404877,17404931
ykg,17404931,17405036
ckt,17405036,17405352
krk,17405352,17405367
kpy,17405367,17405578
ket,17405578,17407243
hnj,17407243,17410448
ium,17410448,17411468
onb,17411468,17411934
enc,17411934,17411946
gqu,17411946,17412079
yrn,17412079,17412195
yha,17412195,17412902
lbc,17412902,17413087
doc,17413087,17413311
kmc,17413311,17413548
swi,17413548,17413775
mlm,17413775,17413949
mkg,17413949,17414011
mmd,17414011,17414100
aih,17414100,17414142
lic,17414142,17414573
jio,17414573,17414725
laq,17414725,17414864
lha,17414864,17415029
tha,17415029,17674689
shn,17674689,17675265
khb,17675265,17675685
pht,17675685,17675696
nod,17675696,17675815
sou,17675815,17675826
blt,17675826,17676000
tyr,17676000,17676151
tdd,17676151,17676342
nut,17676342,17676699
tyz,17676699,17676803
mlc,17676803,17676814
zyg,17676814,17682630
zzj,17682630,17683342
zyb,17683342,17684682
pcc,17684682,17684975
skb,17684975,17685143
yoy,17685143,17685219
bbh,17685219,17685232
mtq,17685232,17685250
scb,17685250,17685354
blr,17685354,17685377
wbm,17685377,17685573
huo,17685573,17685579
puo,17685579,17685675
kdt,17685675,17686016
ktv,17686016,17686075
ngt,17686075,17686087
khm,17686087,17695900
cmo,17695900,17696279
ren,17696279,17696627
tdr,17696627,17696689
ply,17696689,17696703
mnw,17696703,17697080
jhi,17697080,17697090
mzt,17697090,17697094
jah,17697094,17697098
unr,17697098,17699494
asr,17699494,17699990
sat,17699990,17704193
trd,17704193,17704204
jun,17704204,17704955
srb,17704955,17711226
gaq,17711226,17711268
zho,17711268,17715749
och,17715749,17716631
ltc,17716631,17722920
dng,17722920,17723025
cjy,17723025,17723040
hsn,17723040,17730356
gan,17730356,17734533
mnp,17734533,17734765
cdo,17734765,17738881
bca,17738881,17739417
bfc,17739417,17739865
kjp,17739865,17739876
kyu,17739876,17739929
ksw,17739929,17740015
jkm,17740015,17740026
jkp,17740026,17740037
new,17740037,17744031
clk,17744031,17744090
tsj,17744090,17744137
twm,17744137,17744168
kzq,17744168,17744217
ght,17744217,17744220
nmm,17744220,17745252
gvr,17745252,17745344
ths,17745344,17745428
lbj,17745428,17745442
dzo,17745442,17758254
rji,17758254,17758265
cdm,17758265,17758318
dus,17758318,17758386
klr,17758386,17758451
ncd,17758451,17758457
lmh,17758457,17758461
aph,17758461,17758467
lif,17758467,17758577
txg,17758577,17766873
zhb,17766873,17766884
pmi,17766884,17766935
sxg,17766935,17766945
trp,17766945,17766988
njb,17766988,17767046
mni,17767046,17767146
mro,17767146,17767158
nsa,17767158,17767220
nsm,17767220,17767291
nng,17767291,17767302
nmf,17767302,17767370
nkf,17767370,17767381
nki,17767381,17767392
nkd,17767392,17767403
tcz,17767403,17767458
csy,17767458,17767469
zom,17767469,17767484
anm,17767484,17767496
lmk,17767496,17767508
kmm,17767508,17767530
tro,17767530,17767575
aim,17767575,17767597
cdf,17767597,17767608
pub,17767608,17767619
biu,17767619,17767629
cfm,17767629,17767641
pkh,17767641,17767652
czt,17767652,17767675
cnk,17767675,17767697
kac,17767697,17767806
tcl,17767806,17767817
raw,17767817,17767907
nun,17767907,17767918
duu,17767918,17768006
nxq,17768006,17768788
nru,17768788,17768799
ktp,17768799,17768809
hpo,17768809,17768850
nuf,17768850,17768918
ywq,17768918,17769037
pho,17769037,17769109
lis,17769109,17769207
yix,17769207,17769218
ycl,17769218,17769229
yph,17769229,17769240
mpz,17769240,17769290
hni,17769290,17769303
lhi,17769303,17769314
ero,17769314,17769325
dru,17769325,17770012
bnn,17770012,17770587
pyu,17770587,17771476
ami,17771476,17772412
ckv,17772412,17773292
ssf,17773292,17773829
isd,17773829,17774678
att,17774678,17774916
dgc,17774916,17775635
tis,17775635,17775651
kmk,17775651,17775723
blw,17775723,17775960
ifa,17775960,17776193
kne,17776193,17776853
ibl,17776853,17777197
kyj,17777197,17777208
ivv,17777208,17780661
agv,17780661,17780705
xsb,17780705,17780891
sbl,17780891,17781223
suc,17781223,17781440
obo,17781440,17781454
atm,17781454,17781481
mbt,17781481,17781716
msm,17781716,17787264
mbi,17787264,17787483
mbb,17787483,17788364
mbs,17788364,17788611
mta,17788611,17788873
tbk,17788873,17789212
tbw,17789212,17789308
bdg,17789308,17789922
bcl,17789922,17791753
ubl,17791753,17792458
bto,17792458,17792543
msk,17792543,17793064
sgd,17793064,17793395
ceb,17793395,17808192
bks,17808192,17808242
rol,17808242,17808333
bgi,17808333,17808355
tiy,17808355,17808808
bps,17808808,17809065
sxn,17809065,17809966
txs,17809966,17810271
tdn,17810271,17810335
tom,17810335,17810385
tnt,17810385,17810939
tnw,17810939,17810987
bne,17810987,17810998
bld,17810998,17811021
blf,17811021,17811067
bgz,17811067,17811461
loe,17811461,17811472
bzb,17811472,17811484
bzl,17811484,17811544
lje,17811544,17811555
pmf,17811555,17812374
mzq,17812374,17812445
sda,17812445,17812505
mvp,17812505,17812658
skx,17812658,17812669
kly,17812669,17812680
lji,17812680,17812691
kqv,17812691,17812702
tih,17812702,17813029
kxi,17813029,17813042
bnb,17813042,17813054
kve,17813054,17813065
gnq,17813065,17813080
dkr,17813080,17813091
dtr,17813091,17813139
dtb,17813139,17813152
kqr,17813152,17813277
tgb,17813277,17813288
bsy,17813288,17813317
dmv,17813317,17813328
txa,17813328,17813404
ruu,17813404,17813415
lnd,17813415,17813614
mel,17813614,17814333
nrm,17814333,17814503
xem,17814503,17814514
rir,17814514,17814525
lbx,17814525,17814600
dun,17814600,17814658
mhy,17814658,17814915
otd,17814915,17815202
nij,17815202,17816648
tjg,17816648,17816876
sse,17816876,17816947
sas,17816947,17817923
eno,17817923,17818260
xdy,17818260,17818358
mkm,17818358,17818369
mwt,17818369,17818686
huq,17818686,17818928
hro,17818928,17818939
amv,17818939,17818951
szn,17818951,17818963
bnf,17818963,17819408
kzl,17819408,17819473
nxl,17819473,17819527
jal,17819527,17819539
huk,17819539,17819550
lcs,17819550,17819601
bzn,17819601,17819641
mqp,17819641,17819652
lcq,17819652,17819667
kzx,17819667,17819746
hrk,17819746,17819843
amq,17819843,17820063
kei,17820063,17820393
slp,17820393,17820936
aol,17820936,17821051
aoz,17821051,17821360
tkd,17821360,17821643
rmm,17821643,17821813
kje,17821813,17822065
dij,17822065,17822234
ddw,17822234,17822398
ljl,17822398,17822644
nxg,17822644,17823170
skz,17823170,17823396
nbn,17823396,17823445
irh,17823445,17823693
ire,17823693,17823753
mcy,17823753,17823846
una,17823846,17823898
aai,17823898,17823904
dww,17823904,17823915
mwa,17823915,17823926
kud,17823926,17824055
bwf,17824055,17824066
mox,17824066,17824430
gar,17824430,17824441
viv,17824441,17830475
tqp,17830475,17830486
avb,17830486,17830498
lmg,17830498,17830769
uvl,17830769,17830819
mee,17830819,17831065
ncf,17831065,17831076
pek,17831076,17831123
ppn,17831123,17831130
urv,17831130,17831330
tgi,17831330,17831337
baa,17831337,17831941
kji,17831941,17832164
nfl,17832164,17832629
ntu,17832629,17833085
ngr,17833085,17833447
tnk,17833447,17833781
tnp,17833781,17833863
nua,17833863,17833874
uli,17833874,17833921
bgt,17833921,17834330
llu,17834330,17834878
mlu,17834878,17835139
kwf,17835139,17835383
kwd,17835383,17835796
apb,17835796,17836472
plb,17836472,17836516
lgk,17836516,17836564
vnm,17836564,17836843
lzl,17836843,17837116
lrv,17837116,17837163
hiw,17837163,17837214
lht,17837214,17837263
tql,17837263,17837323
mlv,17837323,17837595
vra,17837595,17837643
btr,17837643,17837839
nnd,17837839,17837893
vao,17837893,17837940
onu,17837940,17837988
aul,17837988,17838036
vrt,17838036,17838158
mmm,17838158,17838205
rar,17838205,17838731
haw,17838731,17863940
esk,17863940,17864623
ysr,17864623,17864667
hai,17864667,17864717
eya,17864717,17864948
aht,17864948,17867728
txc,17867728,17867740
tht,17867740,17867754
chp,17867754,17867825
xsl,17867825,17869866
crx,17869866,17871800
srs,17871800,17871847
xup,17871847,17871858
tuu,17871858,17871869
coq,17871869,17871880
gce,17871880,17872017
hup,17872017,17872804
mvb,17872804,17873879
nav,17873879,17878953
apw,17878953,17879189
apm,17879189,17879305
kut,17879305,17879368
bla,17879368,17880649
chy,17880649,17890227
arp,17890227,17895776
ats,17895776,17895812
nwa,17895812,17895825
alq,17895825,17897265
ojs,17897265,17897343
ojw,17897343,17897381
otw,17897381,17897468
skc,17897468,17897540
sjw,17897540,17897593
crk,17897593,17897700
crm,17897700,17897718
crl,17897718,17897754
crj,17897754,17934280
abe,17934280,17936020
aaq,17936020,17936109
xpq,17936109,17936871
wam,17936871,17937243
xlo,17937243,17937258
qyp,17937258,17937281
pim,17937281,17937368
umu,17937368,17937443
mjy,17937443,17937500
wiy,17937500,17937629
yur,17937629,17940515
xch,17940515,17940526
qui,17940526,17940593
hei,17940593,17940638
has,17940638,17940652
nuk,17940652,17941574
dtd,17941574,17941586
myh,17941586,17941635
coo,17941635,17941782
squ,17941782,17941845
hur,17941845,17942501
nok,17942501,17942641
str,17942641,17945957
clm,17945957,17948201
lut,17948201,17948321
slh,17948321,17948398
til,17948398,17948524
cjh,17948524,17948929
lil,17948929,17949057
thp,17949057,17949189
shs,17949189,17949329
oka,17949329,17949469
fla,17949469,17949733
crd,17949733,17949855
kjq,17949855,17949871
kee,17949871,17949904
yuc,17949904,17949957
asb,17949957,17950036
sto,17950036,17950050
osa,17950050,17950165
ksk,17950165,17950249
qua,17950249,17950324
iow,17950324,17950399
tta,17950399,17950713
bll,17950713,17950791
ofo,17950791,17950844
mhq,17950844,17950902
cad,17950902,17950964
wic,17950964,17953523
ari,17953523,17953682
kio,17953682,17953743
tow,17953743,17953784
twf,17953784,17954203
sht,17954203,17954364
kyh,17954364,17955318
acv,17955318,17955403
peb,17955403,17955596
peq,17955596,17955736
was,17955736,17955890
sln,17955890,17955979
inz,17955979,17956286
boi,17956286,17956472
veo,17956472,17956607
puy,17956607,17956613
obi,17956613,17956704
crz,17956704,17956834
yuf,17956834,17957218
ppi,17957218,17957292
mov,17957292,17960026
mrc,17960026,17960154
yum,17960154,17960203
coc,17960203,17960570
dih,17960570,17961092
klb,17961092,17962420
clo,17962420,17962470
xcm,17962470,17962528
zkk,17962528,17962567
tsi,17962567,17963754
ncg,17963754,17963769
chh,17963769,17963785
tkm,17963785,17963842
csz,17963842,17963894
sis,17963894,17963955
aes,17963955,17964021
nez,17964021,17964178
kla,17964178,17964316
mbe,17964316,17964371
xcy,17964371,17964382
wnw,17964382,17964539
pwi,17964539,17964550
yok,17964550,17964676
krb,17964676,17964687
cst,17964687,17965154
css,17965154,17965580
csm,17965580,17965749
pmw,17965749,17965933
nsq,17965933,17966121
yuk,17966121,17966215
wao,17966215,17966275
ctm,17966275,17966320
ncz,17966320,17966435
mik,17966435,17966554
pos,17966554,17966667
plo,17966667,17966777
mto,17966777,17966885
mxp,17966885,17967076
zoc,17967076,17967190
hus,17967190,17967384
itz,17967384,17967520
mop,17967520,17967732
chf,17967732,17967910
toj,17967910,17968065
cac,17968065,17968241
mhc,17968241,17968350
jac,17968350,17968607
ttc,17968607,17968742
ixl,17968742,17968916
pao,17968916,17969176
shh,17969176,17982948
com,17982948,17983181
chl,17983181,17983539
ntp,17983539,17983585
stp,17983585,17983627
tar,17983627,17984479
nci,17984479,18018287
crn,18018287,18018339
cut,18018339,18018350
trc,18018350,18018601
ixc,18018601,18018652
coz,18018652,18018732
pca,18018732,18018743
otm,18018743,18018756
pmz,18018756,18018767
ppq,18018767,18018848
chj,18018848,18018897
cuc,18018897,18018978
ctl,18018978,18018989
csa,18018989,18019000
cso,18019000,18019046
cnt,18019046,18019057
cpa,18019057,18019140
cvn,18019140,18019151
chz,18019151,18019168
cnl,18019168,18019179
cle,18019179,18019292
chq,18019292,18019322
cco,18019322,18019677
tcf,18019677,18019822
cuy,18019822,18019876
xin,18019876,18020004
len,18020004,18020122
cuk,18020122,18020200
arh,18020200,18020319
myp,18020319,18020434
tdc,18020434,18020481
kxo,18020481,18020538
ito,18020538,18021422
shb,18021422,18022383
coe,18022383,18022699
snn,18022699,18023745
sey,18023745,18023828
myy,18023828,18023992
tue,18023992,18025078
bsn,18025078,18025311
cbc,18025311,18025523
tav,18025523,18025575
tuo,18025575,18025674
yui,18025674,18025728
gvc,18025728,18028495
pir,18028495,18028566
mbr,18028566,18028680
kwa,18028680,18028714
mbj,18028714,18028795
jup,18028795,18029888
yab,18029888,18029994
nab,18029994,18030107
wmd,18030107,18030142
yme,18030142,18030156
omu,18030156,18030167
yae,18030167,18031170
jeb,18031170,18031227
ura,18031227,18031238
ayo,18031238,18032576
pid,18032576,18032617
kay,18032617,18032663
mav,18032663,18032712
pur,18032712,18032717
kgk,18032717,18032765
gui,18032765,18034028
gun,18034028,18034080
tqb,18034080,18034121
kyz,18034121,18034161
asn,18034161,18034206
pah,18034206,18034294
wir,18034294,18034298
myu,18034298,18034849
ait,18034849,18034860
ktn,18034860,18034919
mpu,18034919,18034957
arr,18034957,18035002
yup,18035002,18035105
cbd,18035105,18035194
mbc,18035194,18036083
yar,18036083,18036124
aca,18036124,18036182
gae,18036182,18036230
tae,18036230,18036329
bwi,18036329,18036416
yvt,18036416,18037121
wap,18037121,18038204
apu,18038204,18038317
boa,18038317,18048186
oca,18048186,18048604
ano,18048604,18048644
crt,18048644,18050072
gva,18050072,18050083
enl,18050083,18050089
aqt,18050089,18051135
cav,18051135,18052146
ese,18052146,18053680
ram,18053680,18053929
xre,18053929,18053978
kpj,18053978,18054551
ule,18054551,18054605
con,18054605,18055947
yag,18055947,18056558
alc,18056558,18057173
xoo,18057173,18057179
mzp,18057179,18058234
yau,18058234,18059027
ulk,18059027,18059191
xxt,18059191,18059201
msz,18059201,18059259
iou,18059259,18059507
wnc,18059507,18059897
wiu,18059897,18060136
kpw,18060136,18060613
awb,18060613,18061249
ygr,18061249,18061780
gah,18061780,18062152
gim,18062152,18062401
nii,18062401,18062420
agl,18062420,18062629
smq,18062629,18062830
jko,18062830,18063013
kxw,18063013,18063116
kkc,18063116,18063341
beo,18063341,18063724
onn,18063724,18063908
ail,18063908,18064028
smb,18064028,18064169
byr,18064169,18064394
apz,18064394,18064567
ygw,18064567,18064708
miw,18064708,18064851
zik,18064851,18065270
set,18065270,18065317
srl,18065317,18065363
aom,18065363,18065774
boj,18065774,18066081
bpu,18066081,18066394
snx,18066394,18066692
pnr,18066692,18066998
wnb,18066998,18067307
tya,18067307,18067622
ppo,18067622,18068209
kiw,18068209,18068758
tof,18068758,18069227
wbe,18069227,18069284
tds,18069284,18069324
tcq,18069324,18069331
bpp,18069331,18069715
oia,18069715,18070047
kvw,18070047,18070207
tpg,18070207,18070219
kvd,18070219,18070375
woi,18070375,18070710
abz,18070710,18073018
kpu,18073018,18073175
nec,18073175,18073328
lev,18073328,18076769
msg,18076769,18076819
bvz,18076819,18076853
skv,18076853,18076934
vam,18076934,18077009
wut,18077009,18077052
rwa,18077052,18077161
ksi,18077161,18077215
pby,18077215,18077392
niw,18077392,18077584
owi,18077584,18077776
mmp,18077776,18077923
mxk,18077923,18078505
yet,18078505,18078539
mle,18078539,18078758
ylg,18078758,18078964
abt,18078964,18083486
bzf,18083486,18084039
ian,18084039,18084612
wos,18084612,18084616
sny,18084616,18084823
ham,18084823,18085023
bjh,18085023,18085154
dju,18085154,18085294
wla,18085294,18085587
mtf,18085587,18086035
kql,18086035,18086212
pnn,18086212,18086771
tmd,18086771,18087084
afd,18087084,18087328
gai,18087328,18087371
bqs,18087371,18087543
msy,18087543,18087780
igm,18087780,18087800
tgu,18087800,18087976
yle,18087976,18089039
byx,18089039,18089366
gge,18089366,18089803
jig,18089803,18090417
lrg,18090417,18090490
giy,18090490,18090494
zmr,18090494,18090529
mpb,18090529,18090569
wub,18090569,18090639
wro,18090639,18090694
nid,18090694,18091607
fln,18091607,18091616
rit,18091616,18091673
gyd,18091673,18095188
amz,18095188,18095196
urf,18095196,18095332
yyr,18095332,18095405
ump,18095405,18095410
kuy,18095410,18095413
kbe,18095413,18095442
gdj,18095442,18095446
wmi,18095446,18095455
bzr,18095455,18095529
bjy,18095529,18096115
dhu,18096115,18096344
drl,18096344,18102637
pit,18102637,18103880
nmv,18103880,18103888
jbi,18103888,18103894
dmw,18103894,18103942
mem,18103942,18106067
nly,18106067,18107571
pnw,18107571,18108708
tju,18108708,18108852
vka,18108852,18109141
nhf,18109141,18109217
pnv,18109217,18109220
xny,18109220,18109374
wbt,18109374,18112179
wrl,18112179,18112223
adt,18112223,18112262
gul,18112262,18112820
hwc,18112820,18112872
als,18112872,18173188
xcl,18173188,18174831
chu,18174831,18178966
sgh,18178966,18179039
yah,18179039,18179079
srh,18179079,18179096
tly,18179096,18179282
bjm,18179282,18179305
ask,18179305,18179316
bsh,18179316,18179361
wbk,18179361,18179374
rmi,18179374,18179384
nit,18179384,18181913
kff,18181913,18185108
tcy,18185108,18185255
kfd,18185255,18185297
bfq,18185297,18185376
kfe,18185376,18185387
mal,18185387,18200733
gru,18200733,18200788
sgw,18200788,18200878
ior,18200878,18200921
egy,18200921,18201799
taq,18201799,18241387
gho,18241387,18241429
dim,18241429,18241602
she,18241602,18241755
hoz,18241755,18241794
jnj,18241794,18241948
mdy,18241948,18242099
zay,18242099,18242377
kqy,18242377,18242573
awn,18242573,18242922
muu,18242922,18243028
mou,18243028,18243040
mub,18243040,18243555
jaf,18243555,18243566
bwr,18243566,18244030
mrt,18244030,18244537
mxu,18244537,18244627
mfh,18244627,18244663
dbq,18244663,18245653
hna,18245653,18245665
aal,18245665,18245701
tan,18245701,18246142
pip,18246142,18246609
kwl,18246609,18246651
wji,18246651,18246701
sir,18246701,18246708
kil,18246708,18246715
tgd,18246715,18246723
uby,18246723,18246885
ava,18246885,18261462
ani,18261462,18264069
gdo,18264069,18265440
cji,18265440,18266962
kva,18266962,18268426
tin,18268426,18269848
kpt,18269848,18272489
akv,18272489,18275301
khv,18275301,18279440
gin,18279440,18280924
kap,18280924,18284125
lbe,18284125,18286259
dar,18286259,18293815
aqc,18293815,18298184
kjj,18298184,18299781
agx,18299781,18301623
rut,18301623,18303573
tkr,18303573,18305411
kry,18305411,18305702
bdk,18305702,18307349
udi,18307349,18319866
mei,18319866,18320032
xwg,18320032,18320289
tma,18320289,18320812
shj,18320812,18321046
liu,18321046,18321262
daj,18321262,18321700
ach,18321700,18321812
keo,18321812,18321856
nsg,18321856,18321907
tcc,18321907,18321980
ikx,18321980,18323630
nyp,18323630,18323754
ksp,18323754,18324478
kwv,18324478,18327149
bxv,18327149,18327161
led,18327161,18327356
les,18327356,18327417
udu,18327417,18327967
kib,18327967,18328395
tic,18328395,18328634
eli,18328634,18328918
tlo,18328918,18329209
taz,18329209,18329477
hio,18329477,18330056
ngh,18330056,18330702
xam,18330702,18331014
sus,18331014,18331213
kpe,18331213,18331568
wan,18331568,18331805
neb,18331805,18332019
knf,18332019,18332431
krx,18332431,18332437
gsl,18332437,18332444
bcg,18332444,18332644
tem,18332644,18333422
bun,18333422,18334058
blh,18334058,18334131
bev,18334131,18334368
oub,18334368,18334430
ted,18334430,18334697
gxx,18334697,18334920
wob,18334920,18335188
dts,18335188,18342891
kfz,18342891,18342957
lee,18342957,18343053
kst,18343053,18343064
vag,18343064,18343212
lnu,18343212,18343532
awo,18343532,18343642
pmn,18343642,18343864
tui,18343864,18344134
kbn,18344134,18344540
dmm,18344540,18344755
moi,18344755,18344889
jen,18344889,18345027
ijs,18345027,18345425
bci,18345425,18345841
cko,18345841,18345854
nzi,18345854,18346224
gjn,18346224,18347951
lef,18347951,18348174
kpo,18348174,18348188
gaa,18348188,18349417
ada,18349417,18349470
kxb,18349470,18349834
utr,18349834,18349929
yba,18349929,18349968
epi,18349968,18350020
erh,18350020,18350057
iso,18350057,18350095
urh,18350095,18350178
evh,18350178,18350214
opa,18350214,18350283
ogc,18350283,18352945
kub,18352945,18352988
ogb,18352988,18353132
kes,18353132,18353143
abn,18353143,18353184
odu,18353184,18354326
mfn,18354326,18354479
gnh,18354479,18354491
jni,18354491,18354538
tsw,18354538,18354587
mgi,18354587,18354646
brt,18354646,18354659
jku,18354659,18354771
nbb,18354771,18355196
mfd,18355196,18355549
mff,18355549,18355596
ncr,18355596,18355670
dua,18355670,18356697
abb,18356697,18357087
yas,18357087,18357129
boh,18357129,18357769
diz,18357769,18358659
khy,18358659,18358670
kmw,18358670,18361764
nym,18361764,18366634
suk,18366634,18368062
yom,18368062,18368425
nyn,18368425,18370321
lue,18370321,18370363
nye,18370363,18370372
piw,18370372,18371892
lam,18371892,18371904
mgs,18371904,18373477
mgv,18373477,18375090
tog,18375090,18375104
tum,18375104,18375147
mgw,18375147,18375773
mwe,18375773,18378447
kde,18378447,18382062
khu,18382062,18382069
tsc,18382069,18382091
cce,18382091,18382105
smn,18382105,18383312
udm,18383312,18387748
kpv,18387748,18390420
mhr,18390420,18457513
mns,18457513,18460033
xng,18460033,18460181
mhj,18460181,18460249
juc,18460249,18460671
itl,18460671,18460966
niv,18460966,18461346
bje,18461346,18462794
aou,18462794,18462933
cuq,18462933,18463043
kkh,18463043,18463152
tsl,18463152,18463157
hnu,18463157,18463169
aem,18463169,18463180
kha,18463180,18465300
pce,18465300,18465403
rbb,18465403,18465453
lbo,18465453,18465515
bdq,18465515,18465918
sed,18465918,18466462
omx,18466462,18466474
cwg,18466474,18467372
kns,18467372,18467382
mnq,18467382,18467386
btq,18467386,18467393
sbo,18467393,18467397
ssm,18467397,18467401
caq,18467401,18467412
kfp,18467412,18467457
bfw,18467457,18472000
wea,18472000,18472010
lep,18472010,18472075
adi,18472075,18472132
vay,18472132,18472423
lae,18472423,18472446
tdh,18472446,18472487
suz,18472487,18472572
kle,18472572,18472630
qxs,18472630,18475415
ers,18475415,18475469
jya,18475469,18475758
kdq,18475758,18475800
nbc,18475800,18475877
nre,18475877,18475888
lus,18475888,18505177
mhx,18505177,18505223
acn,18505223,18505314
zal,18505314,18505325
bzi,18505325,18505376
ahk,18505376,18506948
pwn,18506948,18507974
xsy,18507974,18508457
gad,18508457,18508681
tld,18508681,18508726
rth,18508726,18508778
mog,18508778,18509622
swu,18509622,18509634
sbr,18509634,18509646
kqt,18509646,18509657
zbc,18509657,18509889
bth,18509889,18509916
sdo,18509916,18509989
byd,18509989,18510000
xkn,18510000,18510011
sya,18510011,18510114
cjm,18510114,18510492
tev,18510492,18510503
bnd,18510503,18510739
kzb,18510739,18510750
slu,18510750,18511069
wet,18511069,18511257
dmr,18511257,18511423
tve,18511423,18511585
akg,18511585,18511802
tti,18511802,18511849
adz,18511849,18511985
zsu,18511985,18512026
ymp,18512026,18512071
wed,18512071,18512276
oum,18512276,18512287
kdf,18512287,18512298
rai,18512298,18512327
lcm,18512327,18512644
leu,18512644,18512908
mft,18512908,18512919
rri,18512919,18513159
ghn,18513159,18513405
gga,18513405,18513416
nwi,18513416,18513790
nem,18513790,18513846
puw,18513846,18514390
tox,18514390,18514419
lnn,18514419,18514467
urr,18514467,18514515
ptv,18514515,18514560
wsi,18514560,18514715
nrg,18514715,18514798
llp,18514798,18515215
uve,18515215,18515378
ynk,18515378,18515390
ess,18515390,18515496
esu,18515496,18516005
esi,18516005,18520278
iku,18520278,18533592
ike,18533592,18533648
tli,18533648,18535297
wlk,18535297,18539289
mia,18539289,18539470
unm,18539470,18539774
kwk,18539774,18539818
twa,18539818,18539920
col,18539920,18540038
chc,18540038,18542261
chr,18542261,18548453
wac,18548453,18548463
nsz,18548463,18548530
tun,18548530,18548544
poi,18548544,18549508
tos,18549508,18549798
tpp,18549798,18549848
lac,18549848,18550628
ctu,18550628,18550856
tzh,18550856,18551079
mam,18551079,18552107
acr,18552107,18552283
kek,18552283,18554482
cak,18554482,18555009
tzj,18555009,18555330
quv,18555330,18555442
qum,18555442,18555563
poc,18555563,18555895
poh,18555895,18556010
lui,18556010,18557466
tbu,18557466,18557522
zap,18557522,18558778
zaw,18558778,18558834
cte,18558834,18558838
yan,18558838,18560438
ccr,18560438,18560485
cbg,18560485,18560538
emp,18560538,18560654
cub,18560654,18561257
tnc,18561257,18561341
cbv,18561341,18561480
atx,18561480,18561524
iqu,18561524,18561578
cah,18561578,18561616
sbe,18561616,18562197
guq,18562197,18563019
aan,18563019,18563061
trz,18563061,18563066
tit,18563066,18563077
guo,18563077,18563131
jaa,18563131,18567989
bmr,18567989,18568411
mca,18568411,18569421
amc,18569421,18569715
teh,18569715,18570546
umo,18570546,18570582
xok,18570582,18570619
myr,18570619,18570685
nce,18570685,18571057
kgf,18571057,18571281
smc,18571281,18571337
klt,18571337,18571621
wgi,18571621,18572017
goi,18572017,18572522
bbb,18572522,18572800
mcq,18572800,18573165
mlp,18573165,18573510
ped,18573510,18573824
tnh,18573824,18574094
meb,18574094,18574390
ipo,18574390,18574435
tbd,18574435,18574863
knv,18574863,18575383
tty,18575383,18575447
tad,18575447,18575578
bkl,18575578,18575689
mkz,18575689,18576202
kyo,18576202,18576537
klz,18576537,18576799
beu,18576799,18577091
saj,18577091,18577148
itr,18577148,18577446
bpw,18577446,18577706
gpn,18577706,18578068
byz,18578068,18578214
akx,18578214,18578254
tiw,18578254,18578465
amy,18578465,18578498
dwu,18578498,18578625
djr,18578625,18578667
guf,18578667,18578785
djb,18578785,18578832
dax,18578832,18578881
aid,18578881,18578884
zmv,18578884,18578920
xut,18578920,18578924
wrg,18578924,18578973
gyy,18578973,18579043
wga,18579043,18579082
wrb,18579082,18579116
ddj,18579116,18580420
dhr,18580420,18581647
brc,18581647,18581699
scn,18581699,18602036
hye,18602036,18649289
lvs,18649289,18758898
oru,18758898,18758947
bkk,18758947,18759023
gwc,18759023,18759071
wsv,18759071,18759082
mvy,18759082,18759163
sts,18759163,18759174
nli,18759174,18759185
dmk,18759185,18759220
mar,18759220,18818297
skr,18818297,18818345
bhb,18818345,18818358
awa,18818358,18818377
thv,18818377,18818462
cnu,18818462,18818470
grr,18818470,18818478
myo,18818478,18818624
xan,18818624,18819553
ssy,18819553,18819740
bsw,18819740,18819887
tqq,18819887,18819940
dal,18819940,18820312
moz,18820312,18821769
hia,18821769,18821805
ngs,18821805,18821816
bcy,18821816,18822315
kot,18822315,18822373
pqa,18822373,18822432
dwa,18822432,18822806
jmb,18822806,18822815
dot,18822815,18823229
fia,18823229,18823404
mgb,18823404,18823698
aja,18823698,18824086
kyq,18824086,18824149
mdi,18824149,18824210
kau,18824210,18824645
tbr,18824645,18825133
hbn,18825133,18825625
lro,18825625,18825809
kqz,18825809,18826090
sos,18826090,18826574
lia,18826574,18826585
gud,18826585,18826819
dee,18826819,18826897
klu,18826897,18827008
nwb,18827008,18827243
nfr,18827243,18827466
wbf,18827466,18827515
box,18827515,18827627
mos,18827627,18827831
cme,18827831,18827928
tuz,18827928,18828022
dur,18828022,18828491
ldl,18828491,18828583
lla,18828583,18828683
bub,18828683,18828865
nga,18828865,18829578
mzv,18829578,18829786
fer,18829786,18829815
bvi,18829815,18829858
myj,18829858,18829869
ijn,18829869,18830212
ige,18830212,18830251
yor,18830251,19086225
ibo,19086225,19094201
jib,19094201,19094413
ebg,19094413,19094653
eke,19094653,19094899
yay,19094899,19094973
akd,19094973,19095071
res,19095071,19095155
iri,19095155,19095587
yes,19095587,19095638
izr,19095638,19096307
aik,19096307,19096406
alf,19096406,19096474
kid,19096474,19096669
tik,19096669,19096774
bag,19096774,19098233
nmg,19098233,19098692
njy,19098692,19101471
izh,19101471,19101603
klj,19101603,19101652
crh,19101652,19134459
kir,19134459,19155759
cmg,19155759,19155913
oaa,19155913,19155965
omk,19155965,19155971
prk,19155971,19155983
kjg,19155983,19156093
bru,19156093,19156117
oog,19156117,19156123
kpm,19156123,19156986
mng,19156986,19157371
spu,19157371,19157421
oyb,19157421,19157518
sqq,19157518,19157530
nev,19157530,19157583
brb,19157583,19157652
cog,19157652,19157666
cbn,19157666,19157774
lnh,19157774,19157778
mhe,19157778,19157790
szc,19157790,19157837
sza,19157837,19157851
suv,19157851,19157898
blk,19157898,19158536
bwe,19158536,19158702
kvu,19158702,19158751
kvq,19158751,19158909
pdu,19158909,19158954
ghk,19158954,19158965
mxj,19158965,19159010
hru,19159010,19159022
wme,19159022,19159071
brx,19159071,19161025
nkh,19161025,19161038
csh,19161038,19161062
mwq,19161062,19161074
zkd,19161074,19161119
obr,19161119,19161126
pyy,19161126,19161131
lhu,19161131,19161248
ksn,19161248,19161259
bgs,19161259,19161302
mdh,19161302,19161410
mrw,19161410,19179325
kyk,19179325,19179336
bnq,19179336,19179596
kzp,19179596,19179836
law,19179836,19179954
dbj,19179954,19180247
itd,19180247,19180271
srk,19180271,19180283
kzi,19180283,19180979
ree,19180979,19181722
sib,19181722,19181800
xkl,19181800,19182294
slm,19182294,19182344
sjm,19182344,19182820
bdl,19182820,19183610
smw,19183610,19183814
mad,19183814,19184362
cje,19184362,19184584
mqc,19184584,19184595
sau,19184595,19184607
alo,19184607,19184682
jmd,19184682,19185200
sws,19185200,19185211
tet,19185211,19194008
srw,19194008,19194171
bhp,19194171,19194632
mqy,19194632,19195517
riu,19195517,19195532
xmt,19195532,19195766
gop,19195766,19195814
svb,19195814,19195820
ylu,19195820,19195832
bzh,19195832,19195965
hot,19195965,19196018
sew,19196018,19196059
tgc,19196059,19196294
nal,19196294,19196634
tbf,19196634,19196987
emi,19196987,19197269
loj,19197269,19197574
ksg,19197574,19197617
lgb,19197617,19197628
kkk,19197628,19197847
blp,19197847,19197922
mrn,19197922,19198241
tnn,19198241,19198286
tnl,19198286,19198571
gri,19198571,19198978
tlr,19198978,19199357
mln,19199357,19199403
brr,19199403,19199444
lgu,19199444,19199492
dor,19199492,19199535
ora,19199535,19199578
sku,19199578,19199849
nms,19199849,19200048
mrs,19200048,19200094
pgk,19200094,19200142
ems,19200142,19200800
bcr,19200800,19200817
mez,19200817,19200877
kic,19200877,19200958
pqm,19200958,19204455
blc,19204455,19205106
cea,19205106,19205117
oma,19205117,19205225
paw,19205225,19205584
atw,19205584,19205653
pef,19205653,19205781
nol,19205781,19205793
skd,19205793,19206042
cic,19206042,19206429
mus,19206429,19206946
zos,19206946,19207070
zor,19207070,19207193
tzo,19207193,19208661
kjb,19208661,19208781
agu,19208781,19208999
nhg,19208999,19209478
maz,19209478,19212079
pbs,19212079,19212091
pmq,19212091,19212101
bzd,19212101,19212190
noa,19212190,19212310
kuz,19212310,19213258
gum,19213258,19213361
kwi,19213361,19213463
xsu,19213463,19213575
des,19213575,19213798
sri,19213798,19213871
pui,19213871,19214977
knm,19214977,19215019
ash,19215019,19215023
jua,19215023,19215027
tpj,19215027,19215072
cod,19215072,19215259
urb,19215259,19215366
kyr,19215366,19215406
tpr,19215406,19215448
mch,19215448,19215497
tpy,19215497,19216186
pad,19216186,19216313
hux,19216313,19216518
xav,19216518,19216673
opy,19216673,19216715
ded,19216715,19216945
sej,19216945,19217008
ons,19217008,19217386
net,19217386,19217497
ahh,19217497,19217749
khs,19217749,19217981
fuy,19217981,19218472
kqi,19218472,19219343
sks,19219343,19219995
pla,19219995,19220035
mkr,19220035,19220317
buq,19220317,19220620
msx,19220620,19220931
kcd,19220931,19221461
ert,19221461,19221614
twe,19221614,19221913
kps,19221913,19221945
mxn,19221945,19222098
amm,19222098,19222435
van,19222435,19222642
ppe,19222642,19222862
yee,19222862,19223258
aog,19223258,19223686
geb,19223686,19224515
sua,19224515,19224769
akj,19224769,19233803
okj,19233803,19233849
mpc,19233849,19234494
zme,19234494,19234908
wnd,19234908,19235749
mwf,19235749,19235827
wdj,19235827,19235924
gni,19235924,19236479
bck,19236479,19237377
gup,19237377,19239425
wlg,19239425,19239827
jay,19239827,19239869
wim,19239869,19243450
pkn,19243450,19243454
ayd,19243454,19243759
kjn,19243759,19243795
kky,19243795,19243954
dbl,19243954,19244025
wgy,19244025,19244067
gue,19244067,19251425
bxj,19251425,19253968
kdd,19253968,19254028
piu,19254028,19254621
pre,19254621,19254669
pox,19254669,19254894
yai,19254894,19255968
wbl,19255968,19256408
pes,19256408,19406491
rmn,19406491,19406811
mha,19406811,19406984
auz,19406984,19406990
shu,19406990,19407043
obm,19407043,19407051
jbn,19407051,19407236
aiw,19407236,19407499
myf,19407499,19407545
kcx,19407545,19407700
ahg,19407700,19409044
arv,19409044,19409191
wbj,19409191,19409449
bds,19409449,19409731
mmy,19409731,19410679
mfl,19410679,19411458
mlr,19411458,19411547
gde,19411547,19412069
mpk,19412069,19412080
nbh,19412080,19412613
anc,19412613,19413045
ank,19413045,19413470
mtl,19413470,19413482
bux,19413482,19413867
bbl,19413867,19414037
luo,19414037,19414644
din,19414644,19414694
tuv,19414694,19414912
mgc,19414912,19414919
kah,19414919,19414967
guk,19414967,19416117
mor,19416117,19416477
mbv,19416477,19416488
bet,19416488,19416721
bsq,19416721,19416866
kqo,19416866,19416923
bba,19416923,19417063
kza,19417063,19417150
spp,19417150,19417501
myk,19417501,19421494
dga,19421494,19421620
xon,19421620,19421789
sil,19421789,19421841
lna,19421841,19422046
brm,19422046,19422086
msj,19422086,19422580
nup,19422580,19422703
oke,19422703,19422739
nar,19422739,19422751
asg,19422751,19422761
idc,19422761,19422772
ndr,19422772,19422783
ngv,19422783,19422794
ofu,19422794,19423084
bkm,19423084,19428145
bww,19428145,19428167
tll,19428167,19428178
bcp,19428178,19428189
sub,19428189,19428199
leh,19428199,19429147
zul,19429147,19434309
krl,19434309,19435298
vep,19435298,19436276
liv,19436276,19447612
myv,19447612,19459060
mdf,19459060,19472292
sel,19472292,19473496
uzn,19473496,19496795
neg,19496795,19496884
hea,19496884,19497101
ril,19497101,19497173
yim,19497173,19497195
tsu,19497195,19497593
sxr,19497593,19498004
tiu,19498004,19498015
duo,19498015,19498152
ilk,19498152,19498464
kak,19498464,19498680
bkd,19498680,19499145
mbd,19499145,19499414
agn,19499414,19499500
kqe,19499500,19499728
ppk,19499728,19499952
ptu,19499952,19500369
mqx,19500369,19500424
cia,19500424,19500710
bhq,19500710,19500949
bna,19500949,19501179
mvv,19501179,19501298
dpp,19501298,19501310
drg,19501310,19501382
txx,19501382,19501422
dmg,19501422,19501432
urk,19501432,19501492
jra,19501492,19501764
rad,19501764,19501894
mhs,19501894,19502452
bty,19502452,19502844
spr,19502844,19502979
nul,19502979,19503026
kvv,19503026,19503037
kvo,19503037,19503142
tzn,19503142,19503303
lva,19503303,19503314
hvn,19503314,19505397
ple,19505397,19505468
agf,19505468,19505666
tni,19505666,19505713
gve,19505713,19505785
mmo,19505785,19505840
val,19505840,19506797
mpr,19506797,19506841
lga,19506841,19507109
sbb,19507109,19507430
nke,19507430,19507476
uge,19507476,19507521
rug,19507521,19507922
ane,19507922,19508217
axx,19508217,19508229
ssv,19508229,19508295
rpn,19508295,19508341
dix,19508341,19508423
nvh,19508423,19508434
tmb,19508434,19508766
mtt,19508766,19509200
msn,19509200,19510812
tgs,19510812,19510859
krf,19510859,19510905
wwo,19510905,19510968
lkn,19510968,19511015
mrm,19511015,19511107
mrb,19511107,19511153
omb,19511153,19511285
app,19511285,19511371
sww,19511371,19511419
bpa,19511419,19511502
vlp,19511502,19511587
nkk,19511587,19511629
ptr,19511629,19511672
vnp,19511672,19511715
tlm,19511715,19511763
tsr,19511763,19511887
mnl,19511887,19511932
nsw,19511932,19512014
lmb,19512014,19512240
mrp,19512240,19512322
frt,19512322,19512367
wlr,19512367,19512414
rga,19512414,19512462
alm,19512462,19512506
tgp,19512506,19512560
akr,19512560,19512808
tls,19512808,19512858
aor,19512858,19512906
tmi,19512906,19512953
mkv,19512953,19513014
mll,19513014,19513095
brj,19513095,19513161
mvt,19513161,19513206
mme,19513206,19513285
upv,19513285,19513556
psw,19513556,19513601
klv,19513601,19513648
ahb,19513648,19513772
mlx,19513772,19513818
sns,19513818,19514101
bnk,19514101,19514249
bki,19514249,19514297
nmk,19514297,19514693
apj,19514693,19514783
cro,19514783,19515036
tus,19515036,19515115
ute,19515115,19516152
ood,19516152,19516515
mat,19516515,19516589
mtn,19516589,19516594
cto,19516594,19516713
cmi,19516713,19517495
ore,19517495,19517570
cbu,19517570,19517622
kgx,19517622,19517679
kuq,19517679,19517688
xly,19517688,19517699
hix,19517699,19517807
pbh,19517807,19518811
rgr,19518811,19518936
ycn,19518936,19519029
guc,19519029,19521584
ame,19521584,19521979
hto,19521979,19522495
kgp,19522495,19523908
fun,19523908,19523951
gsn,19523951,19524011
yut,19524011,19524323
snp,19524323,19524705
for,19524705,19525067
foi,19525067,19525510
xfa,19525510,19525565
agm,19525565,19526106
kvg,19526106,19526963
mhl,19526963,19527268
ury,19527268,19527389
zmm,19527389,19527424
ywr,19527424,19527674
gtu,19527674,19527714
nyt,19527714,19527842
ktg,19527842,19528936
gyn,19528936,19528972
pcm,19528972,19529030
rup,19529030,19531878
ruq,19531878,19532211
ist,19532211,19532561
pbt,19532561,19534237
gzi,19534237,19534248
siy,19534248,19534265
peo,19534265,19534390
kls,19534390,19534514
dml,19534514,19534590
rwr,19534590,19537010
mup,19537010,19537022
gbm,19537022,19537035
mai,19537035,19537085
bho,19537085,19537181
hne,19537181,19537195
akk,19537195,19538273
amh,19538273,19543769
kbr,19543769,19543942
irk,19543942,19545525
zim,19545525,19545935
swy,19545935,19546034
bcw,19546034,19546511
mfi,19546511,19546982
glw,19546982,19547550
dgh,19547550,19548029
tdk,19548029,19548089
scw,19548089,19548459
grd,19548459,19548501
mfz,19548501,19548642
lok,19548642,19548653
men,19548653,19549548
nhb,19549548,19549862
pbp,19549862,19550060
bsc,19550060,19550071
tnr,19550071,19550083
ldm,19550083,19550317
kwp,19550317,19550328
vig,19550328,19550339
fli,19550339,19551252
dir,19551252,19551336
tdo,19551336,19551430
mru,19551430,19551821
gya,19551821,19552488
ndz,19552488,19552533
tbm,19552533,19552578
nmj,19552578,19552613
afo,19552613,19552933
ybl,19552933,19552945
ich,19552945,19553101
kkm,19553101,19553208
krp,19553208,19553219
pcn,19553219,19553284
ego,19553284,19553614
bkv,19553614,19553780
kgt,19553780,19553792
abo,19553792,19553842
xmb,19553842,19553853
bbk,19553853,19554341
bvg,19554341,19554352
koq,19554352,19554756
hum,19554756,19554788
oac,19554788,19554840
yux,19554840,19554901
alr,19554901,19555068
cqd,19555068,19555340
dnu,19555340,19555378
sss,19555378,19555389
crw,19555389,19555765
krr,19555765,19555776
alk,19555776,19555787
tpu,19555787,19555802
cua,19555802,19556078
jeh,19556078,19556452
tmo,19556452,19556463
bft,19556463,19556765
jna,19556765,19556785
drd,19556785,19556837
cdn,19556837,19556848
ybi,19556848,19556859
lsi,19556859,19556911
tay,19556911,19557887
lbk,19557887,19571173
plz,19571173,19571186
scg,19571186,19571201
rej,19571201,19571641
cja,19571641,19571694
kzu,19571694,19571917
sry,19571917,19571923
tbo,19571923,19571995
mmx,19571995,19572236
tva,19572236,19572462
cir,19572462,19572527
iai,19572527,19572872
mwo,19572872,19573089
scs,19573089,19573143
tew,19573143,19573236
tix,19573236,19573248
akz,19573248,19573781
cho,19573781,19574464
xaw,19574464,19574645
amu,19574645,19574793
mio,19574793,19574837
mau,19574837,19574888
zai,19574888,19575232
cya,19575232,19575252
ocu,19575252,19575307
cjp,19575307,19575431
agr,19575431,19578081
pbg,19578081,19578131
crb,19578131,19578173
noj,19578173,19578222
tob,19578222,19578294
mpp,19578294,19578387
uvh,19578387,19578610
kbq,19578610,19579270
bef,19579270,19580522
kue,19580522,19581254
jaq,19581254,19581609
ksj,19581609,19581883
mgu,19581883,19582951
gyb,19582951,19583261
kgr,19583261,19583309
loa,19583309,19583385
gbu,19583385,19584118
mph,19584118,19585011
crs,19585011,19587009
mfe,19587009,19590967
gcf,19590967,19592104
lou,19592104,19592131
gcr,19592131,19592192
kmv,19592192,19592252
osc,19592252,19592450
lmo,19592450,19622782
aln,19622782,19622853
prg,19622853,19624244
dsb,19624244,19631920
mnj,19631920,19631964
ydg,19631964,19632008
isk,19632008,19633298
san,19633298,19673524
phl,19673524,19673646
psh,19673646,19673657
paq,19673657,19673668
dgo,19673668,19673692
khn,19673692,19673703
dwr,19673703,19673852
bxe,19673852,19674617
gaz,19674617,19676006
gwn,19676006,19676269
mur,19676269,19676721
mpe,19676721,19676878
lot,19676878,19676903
mas,19676903,19677719
niq,19677719,19677811
mdj,19677811,19678398
rou,19678398,19679328
lig,19679328,19679538
dyu,19679538,19679617
bib,19679617,19680014
sbd,19680014,19680025
ntm,19680025,19680035
mfq,19680035,19680085
kdx,19680085,19680184
wom,19680184,19680285
ccg,19680285,19680563
tgy,19680563,19680574
pmb,19680574,19680612
aha,19680612,19680663
adj,19680663,19681052
uha,19681052,19681088
uku,19681088,19681123
ayi,19681123,19681165
kez,19681165,19681292
ula,19681292,19681391
pai,19681391,19681437
mzk,19681437,19681481
btu,19681481,19681668
mfo,19681668,19681837
mhk,19681837,19682360
ebu,19682360,19684073
old,19684073,19684754
yaf,19684754,19684816
mho,19684816,19684862
nyu,19684862,19684873
mxc,19684873,19684880
ssw,19684880,19685290
toh,19685290,19685301
ybe,19685301,19685326
krc,19685326,19686652
kdr,19686652,19687838
cjs,19687838,19690827
bwx,19690827,19691267
mww,19691267,19693293
hmd,19693293,19693412
mmr,19693412,19693632
shx,19693632,19693789
aho,19693789,19693830
thm,19693830,19694623
pcb,19694623,19694752
txo,19694752,19694763
apt,19694763,19694811
tdg,19694811,19694822
xsr,19694822,19698726
sbu,19698726,19698737
mgp,19698737,19698786
xns,19698786,19698797
cik,19698797,19698808
kfk,19698808,19698859
rgk,19698859,19698870
bee,19698870,19698922
rab,19698922,19698981
raa,19698981,19698988
qvy,19698988,19698999
nmy,19698999,19699009
cnb,19699009,19699031
atb,19699031,19699081
ywt,19699081,19699166
xnb,19699166,19699448
gqi,19699448,19699458
itv,19699458,19699876
due,19699876,19699925
smk,19699925,19701041
bya,19701041,19701390
klg,19701390,19701468
mmn,19701468,19701701
cyo,19701701,19701750
cts,19701750,19701801
dtp,19701801,19702494
sne,19702494,19702944
sun,19702944,19705891
ljp,19705891,19706666
rog,19706666,19706716
ges,19706716,19706969
htu,19706969,19707181
lmy,19707181,19707423
end,19707423,19707599
oni,19707599,19707653
kgb,19707653,19707710
mhz,19707710,19707933
rnn,19707933,19707976
dsn,19707976,19708038
kjr,19708038,19708107
khl,19708107,19708177
kbm,19708177,19708226
ksd,19708226,19708661
mte,19708661,19709008
vrs,19709008,19709220
mvo,19709220,19709467
jaj,19709467,19709685
aua,19709685,19709836
tkw,19709836,19710141
bxa,19710141,19710284
bnr,19710284,19710365
tvk,19710365,19710657
erk,19710657,19712901
cow,19712901,19713020
lkt,19713020,19714770
cay,19714770,19714840
one,19714840,19720058
cid,19720058,19720237
ynn,19720237,19720624
chd,19720624,19721006
cku,19721006,19722109
caa,19722109,19722343
tsz,19722343,19725642
sja,19725642,19726681
cof,19726681,19727731
car,19727731,19737909
huu,19737909,19738930
klh,19738930,19738938
waj,19738938,19739156
kts,19739156,19739485
kti,19739485,19739593
kkl,19739593,19740412
hmo,19740412,19740463
pih,19740463,19740703
uln,19740703,19740716
kmr,19740716,19778485
lrl,19778485,19778496
zum,19778496,19778507
kfb,19778507,19778553
gon,19778553,19778565
peg,19778565,19778722
kan,19778722,19815292
agj,19815292,19815345
bob,19815345,19815358
ckl,19815358,19815814
giz,19815814,19815825
bta,19815825,19815840
bot,19815840,19817201
bmi,19817201,19817686
dbd,19817686,19817769
ndu,19817769,19818032
geg,19818032,19818130
ksm,19818130,19818227
nbm,19818227,19818467
ald,19818467,19818805
une,19818805,19818841
grh,19818841,19819048
dri,19819048,19819207
bas,19819207,19825186
beb,19825186,19825196
gey,19825196,19825234
kth,19825234,19825263
kaz,19825263,19862764
sah,19862764,19868091
kim,19868091,19868568
yug,19868568,19868765
xrn,19868765,19868917
pnu,19868917,19869179
lbt,19869179,19869313
mhu,19869313,19869425
bap,19869425,19869436
njm,19869436,19869449
ctd,19869449,19869498
slg,19869498,19869510
bsb,19869510,19869596
abf,19869596,19869607
kyi,19869607,19869693
bei,19869693,19869937
ssb,19869937,19869997
mva,19869997,19870314
mjk,19870314,19870529
tbx,19870529,19870576
vnk,19870576,19870698
tnx,19870698,19870829
lml,19870829,19871110
ske,19871110,19871196
pot,19871196,19875691
kii,19875691,19875740
ser,19875740,19876176
cup,19876176,19876229
hop,19876229,19876675
jqr,19876675,19876803
tna,19876803,19878006
sll,19878006,19878178
aoj,19878178,19878200
nas,19878200,19878652
buo,19878652,19879005
pov,19879005,19879021
cri,19879021,19879235
fab,19879235,19879249
vkp,19879249,19879300
sgy,19879300,19879973
prc,19879973,19879985
trw,19879985,19880030
mag,19880030,19880043
mjt,19880043,19880199
uki,19880199,19880241
iru,19880241,19880299
bde,19880299,19880732
tul,19880732,19880813
dow,19880813,19881424
gke,19881424,19881667
fat,19881667,19881716
aaa,19881716,19881752
ngj,19881752,19883179
szv,19883179,19883192
ksb,19883192,19884978
mvf,19884978,19885096
ude,19885096,19885161
ncb,19885161,19885248
biy,19885248,19886283
khr,19886283,19886341
dis,19886341,19886393
mjw,19886393,19886439
bls,19886439,19886514
pee,19886514,19886620
jau,19886620,19886666
mmw,19886666,19886879
mxe,19886879,19887126
rap,19887126,19891854
tah,19891854,19893663
moh,19893663,19894213
sab,19894213,19894253
hub,19894253,19894857
plu,19894857,19894909
bdw,19894909,19895286
kct,19895286,19895418
nys,19895418,19897451
ang,19897451,19908336
xum,19908336,19908463
gft,19908463,19908505
mvz,19908505,19908546
sjs,19908546,19908602
gab,19908602,19908987
gew,19908987,19909408
sur,19909408,19909900
fie,19909900,19910302
lom,19910302,19910685
kcj,19910685,19910694
beh,19910694,19910701
tbz,19910701,19910783
dya,19910783,19910794
wav,19910794,19910881
ynq,19910881,19911008
yun,19911008,19911152
nzk,19911152,19911391
ibn,19911391,19911630
gvm,19911630,19911641
tsv,19911641,19911767
leb,19911767,19911789
kua,19911789,19911852
kaa,19911852,19916889
sii,19916889,19916940
bhj,19916940,19916981
nmh,19916981,19917022
snv,19917022,19917044
iba,19917044,19918208
dup,19918208,19918217
udj,19918217,19918421
kod,19918421,19918839
bzq,19918839,19919284
bxh,19919284,19919333
wgb,19919333,19919345
myw,19919345,19924103
tlx,19924103,19924344
lgr,19924344,19924389
nmb,19924389,19924477
mmg,19924477,19924561
crc,19924561,19924655
qun,19924655,19924786
kyl,19924786,19924800
psa,19924800,19925078
aax,19925078,19925339
ekg,19925339,19926814
kmn,19926814,19927336
nag,19927336,19927346
srm,19927346,19928496
skw,19928496,19928507
ntz,19928507,19928551
gdl,19928551,19928726
kxc,19928726,19928894
sor,19928894,19929257
jeu,19929257,19929264
sok,19929264,19929738
pbi,19929738,19929821
swf,19929821,19930008
lnl,19930008,19930286
mij,19930286,19930786
yko,19930786,19930797
bbi,19930797,19931402
yns,19931402,19932948
bkj,19932948,19932959
hoo,19932959,19933718
nyj,19933718,19933729
nle,19933729,19933740
vmw,19933740,19944902
sti,19944902,19945168
lax,19945168,19945219
krj,19945219,19945440
pns,19945440,19945451
bhz,19945451,19945462
jav,19945462,19952311
gay,19952311,19952622
brz,19952622,19952793
dva,19952793,19952804
utp,19952804,19952932
mwi,19952932,19953013
tmt,19953013,19953059
niu,19953059,19953664
pmt,19953664,19955057
ale,19955057,19957526
sac,19957526,19958821
nnt,19958821,19958870
ncj,19958870,19958986
cht,19958986,19959041
ceg,19959041,19959097
kup,19959097,19959459
jma,19959459,19959687
mqo,19959687,19959773
vol,19959773,20020320
lku,20020320,20020321
yii,20020321,20020368
wbp,20020368,20021537
pjt,20021537,20021776
gjm,20021776,20021778
xgm,20021778,20021779
wyi,20021779,20021780
omr,20021780,20021781
zsm,20021781,20078700
neu,20078700,20078978
lzz,20078978,20079848
bod,20079848,20086370
nds,20086370,20101006
ckb,20101006,20123075
jdt,20123075,20123387
pst,20123387,20124134
got,20124134,20132889
lld,20132889,20146310
cha,20146310,20156623
kiu,20156623,20159838
que,20159838,20169350
azb,20169350,20170548
ron,20170548,20273721
kal,20273721,20274803
xho,20274803,20276337
prs,20276337,20277855
bzt,20277855,20281503
cos,20281503,20287853
hau,20287853,20311244
csb,20311244,20314221
ota,20314221,20335752
tgl,20335752,20352598
ltg,20352598,20353338
szl,20353338,20355110
wol,20355110,20358862
sco,20358862,20362370
gug,20362370,20366427
gag,20366427,20367191
gle,20367191,20420101
ayr,20420101,20429400
por,20429400,20757090
ltz,20757090,20774235
urd,20774235,20820665
ast,20820665,20861363
mlt,20861363,20882281
cor,20882281,20898686
nov,20898686,20902000
afr,20902000,20930833
gla,20930833,20950288
fur,20950288,20955873
yua,20955873,20962701
ydd,20962701,20985184
srp,20985184,21067637
mkd,21067637,21119021
hrv,21119021,21298311
aoc,21298311,21298416
bre,21298416,21348210
sqi,21348210,21356676
sme,21356676,21446977
sjd,21446977,21449125
ind,21449125,21522451
tgk,21522451,21547508
cym,21547508,21585498
ekk,21585498,21745288
slv,21745288,21827862
fry,21827862,21838427
nob,21838427,22062274
ces,22062274,22415129
hat,22415129,22422067
oco,22422067,22433083
rmv,22433083,22437283
ovd,22437283,22437306
djk,22437306,22440108
nrf,22440108,22440239
bos,22440239,22475687
xno,22475687,22511733
sgs,22511733,22513725
rmf,22513725,22513823
ttq,22513823,22513884
gsw,22513884,22527776
fit,22527776,22527837
bhh,22527837,22527881
bug,22527881,22529234
mjg,22529234,22533422
cre,22533422,22533674
oci,22533674,22586328
gmh,22586328,22588277
mic,22588277,22592189
pms,22592189,22613810
acf,22613810,22614039
pdt,22614039,22643251
enm,22643251,22645581
ven,22645581,22654171
ton,22654171,22659292
del,22659292,22659320
bis,22659320,22660747
arc,22660747,22661651
non,22661651,22665754
goh,22665754,22670618
bam,22670618,22678265
pam,22678265,22681952
mah,22681952,22689007
orm,22689007,22689198
rue,22689198,22689824
run,22689824,22692064
nso,22692064,22692301
doi,22692301,22692330
ilo,22692330,22698055
frp,22698055,22708065
vec,22708065,22716795
fkv,22716795,22725054
tsn,22725054,22732011
dje,22732011,22738691
smo,22738691,22740243
pdc,22740243,22740868
vro,22740868,22742027
ext,22742027,22742447
smj,22742447,22796358
lin,22796358,22799736
zdj,22799736,22802566
lit,22802566,22874279
pli,22874279,22875356
nbl,22875356,22875389
ryu,22875389,22893529
tkn,22893529,22893667
mvi,22893667,22897250
yoi,22897250,22897759
cks,22897759,22897760
hod,22897760,22897761
tdm,22897761,22897762
mzm,22897762,22898407
tbp,22898407,22898409
xod,22898409,22898805
grs,22898805,22898806
amk,22898806,22899050
act,22899050,22900702
mnc,22900702,22905002
arg,22905002,22946352
kng,22946352,22946409
lug,22946409,22953774
vls,22953774,22955612
abu,22955612,22955988
olo,22955988,22956235
mkn,22956235,22959717
nno,22959717,23044415
glv,23044415,23096614
sot,23096614,23097401
oji,23097401,23097405
czh,23097405,23097410
jge,23097410,23097412
czo,23097412,23097417
ote,23097417,23102620
rtm,23102620,23103968
ful,23103968,23104611
bqc,23104611,23104770
kin,23104770,23110274
efi,23110274,23110643
sei,23110643,23112045
yrl,23112045,23112149
kik,23112149,23113817
bwu,23113817,23114030
ilb,23114030,23114085
iii,23114085,23125319
nde,23125319,23130799
pau,23130799,23131509
woe,23131509,23132186
mnk,23132186,23132879
zoh,23132879,23135846
kos,23135846,23136332
mkj,23136332,23136591
chk,23136591,23137616
pon,23137616,23137975
fij,23137975,23139587
nfa,23139587,23141173
pap,23141173,23147027
bfj,23147027,23148304
jgo,23148304,23148916
nnz,23148916,23149498
lun,23149498,23149567
ksh,23149567,23156243
atj,23156243,23156318
nap,23156318,23190922
rom,23190922,23193757
cnr,23193757,23193789
qxq,23193789,23193801
sux,23193801,23194455
ace,23194455,23195085
aar,23195085,23196815
anp,23196815,23196820
hyw,23196820,23199213
kea,23199213,23200912
ctg,23200912,23200982
dgr,23200982,23206986
dlg,23206986,23207165
enh,23207165,23207175
fvr,23207175,23207890
her,23207890,23207971
ruo,23207971,23208199
khw,23208199,23208428
jct,23208428,23208446
kfr,23208446,23208496
lud,23208496,23208548
nsk,23208548,23209955
raj,23209955,23210016
slr,23210016,23210061
sje,23210061,23216704
sju,23216704,23216715
syn,23216715,23216719
sid,23216719,23217879
stv,23217879,23217883
tru,23217883,23217926
tvl,23217926,23218776
uum,23218776,23218927
vot,23218927,23220412
sjo,23220412,23220536
chg,23220536,23220607
gbz,23220607,23220618
hif,23220618,23220813
meu,23220813,23222708
bdb,23222708,23222709
klq,23222709,23223213
hoc,23223213,23224185
koo,23224185,23230416
lkd,23230416,23230420
tca,23230420,23230466
nyb,23230466,23232135
orh,23232135,23233314
pta,23233314,23233315
ynu,23233315,23233316
mbl,23233316,23233368
tri,23233368,23233439
acs,23233439,23233440
sjt,23233440,23233617
swb,23233617,23235686
xaj,23235686,23235687
jru,23235687,23235688
sik,23235688,23235689
suy,23235689,23235728
mcd,23235728,23238532
yaa,23238532,23239749
xug,23239749,23251558
ccp,23251558,23251640
ori,23251640,23252250
sdt,23252250,23252252
ryn,23252252,23257482
zkt,23257482,23257499
ojg,23257499,23257561
ono,23257561,23257640
min,23257640,23258021
mxi,23258021,23258036
cim,23258036,23258119
ciw,23258119,23272146
clc,23272146,23272174
akl,23272174,23273327
auc,23273327,23274389
xsv,23274389,23277150
vor,23277150,23277250
ban,23277250,23278939
bea,23278939,23279044
bew,23279044,23279441
rcf,23279441,23279807
rgn,23279807,23279812
rme,23279812,23279861
sec,23279861,23279964
srn,23279964,23282788
sxu,23282788,23283008
git,23283008,23283025
gwi,23283025,23285987
frk,23285987,23287002
tgx,23287002,23287005
hid,23287005,23287168
nau,23287168,23288247
pag,23288247,23289414
prd,23289414,23289419
khj,23289419,23289530
kkz,23289530,23289570
loi,23289570,23289830
tpn,23289830,23290181
quc,23290181,23293867
yak,23293867,23295151
bdn,23295151,23295152
kvb,23295152,23295153
arn,23295153,23299984
apy,23299984,23303128
otk,23303128,23310760
zha,23310760,23310762
ulw,23310762,23312636
tbh,23312636,23313042
jam,23313042,23315100
swg,23315100,23319082
bar,23319082,23325488
miq,23325488,23328414
dty,23328414,23328416
dgz,23328416,23332796
pal,23332796,23332957
vaa,23332957,23332958
stw,23332958,23333122
tpw,23333122,23333647
ldn,23333647,23335447
qve,23335447,23342776
gww,23342776,23343720
dws,23343720,23349334
ajg,23349334,23349639
fuf,23349639,23356388
dob,23356388,23359559
zav,23359559,23365777
tkl,23365777,23366059
lzh,23366059,23369738
tdt,23369738,23371706
xla,23371706,23372137
ajz,23372137,23374157
gbj,23374157,23376903
mjx,23376903,23377840
krh,23377840,23377981
ort,23377981,23384176
lmn,23384176,23386848
tlj,23386848,23389998
snc,23389998,23392060
rub,23392060,23398453
ztu,23398453,23400093
akb,23400093,23400298
wiv,23400298,23401711
kuu,23401711,23403070
ing,23403070,23408683
hla,23408683,23411040
xww,23411040,23412564
gym,23412564,23414164
sim,23414164,23417411
par,23417411,23417640
mnr,23417640,23417918
kda,23417918,23418414
taa,23418414,23419279
bch,23419279,23422954
mzj,23422954,23423866
kpx,23423866,23425822
nuj,23425822,23436280
yml,23436280,23439059
shg,23439059,23439943
kdi,23439943,23442971
bdd,23442971,23445194
mpj,23445194,23456304
kpk,23456304,23456428
fil,23456428,23462334
plt,23462334,23476153
mgf,23476153,23476647
byn,23476647,23478291
tnq,23478291,23478667
knc,23478667,23481017
wok,23481017,23481286
lbw,23481286,23481543
awe,23481543,23481576
jms,23481576,23481757
dnr,23481757,23482053
gog,23482053,23482064
srq,23482064,23483255
mgr,23483255,23504326
yao,23504326,23516427
bhw,23516427,23516819
snz,23516819,23517136
pum,23517136,23521749
pib,23521749,23522148
buw,23522148,23525331
quz,23525331,23560237
mqv,23560237,23560538
jil,23560538,23560823
awc,23560823,23562769
mdc,23562769,23563057
mge,23563057,23563880
gaj,23563880,23564501
cbr,23564501,23565600
kri,23565600,23565792
szp,23565792,23566397
ktw,23566397,23572282
fud,23572282,23572920
mig,23572920,23572954
nbk,23572954,23573268
nmc,23573268,23574642
mdz,23574642,23574681
tfn,23574681,23575502
qub,23575502,23577782
fuh,23577782,23597615
akq,23597615,23597616
amg,23597616,23598014
hbs,23598014,23646791
ets,23646791,23646848
luq,23646848,23652798
src,23652798,23659253
ati,23659253,23659645
xwa,23659645,23659692
lek,23659692,23659930
kln,23659930,23661435
kok,23661435,23662040
tku,23662040,23662143
xpm,23662143,23662250
kny,23662250,23662292
zpq,23662292,23666269
war,23666269,23668706
urg,23668706,23669026
qxo,23669026,23669074
gnu,23669074,23669075
cuh,23669075,23670330
kam,23670330,23673664
pcd,23673664,23703541
tdf,23703541,23703543
kae,23703543,23703554
hmn,23703554,23703633
swt,23703633,23705514
quy,23705514,23725703
cip,23725703,23725777
mcr,23725777,23725959
bws,23725959,23726016
xpt,23726016,23726064
sjr,23726064,23726291
wow,23726291,23726376
yuj,23726376,23726491
jiu,23726491,23726556
kms,23726556,23727295
cin,23727295,23727334
lbn,23727334,23727391
kwb,23727391,23727450
zea,23727450,23727785
qvs,23727785,23728812
xpr,23728812,23728873
kjc,23728873,23730138
quh,23730138,23738681
hke,23738681,23738768
jmc,23738768,23743665
ztg,23743665,23743714
vmz,23743714,23743797
mbo,23743797,23743917
erg,23743917,23744169
mxx,23744169,23748666
wrr,23748666,23749278
nyl,23749278,23749320
nig,23749320,23750134
rop,23750134,23755992
kon,23755992,23756326
ajp,23756326,23756668
siw,23756668,23756898
bkh,23756898,23758376
gil,23758376,23760217
yaq,23760217,23762262
kog,23762262,23762317
qvi,23762317,23769040
dmc,23769040,23769361
fro,23769361,23774756
tkp,23774756,23774997
tuq,23774997,23775601
cab,23775601,23776569
bmx,23776569,23776877
kse,23776877,23777084
amt,23777084,23777285
axb,23777285,23777495
bdi,23777495,23777633
igs,23777633,23780853
yrw,23780853,23781161
mfw,23781161,23781361
ino,23781361,23781668
gwd,23781668,23785124
jel,23785124,23785767
nrz,23785767,23785958
nlo,23785958,23786755
bxk,23786755,23796148
sbk,23796148,23797679
bjr,23797679,23798005
ndx,23798005,23798315
kml,23798315,23798542
ziw,23798542,23799890
btd,23799890,23800216
rmq,23800216,23802799
wtf,23802799,23803079
dcr,23803079,23804063
aut,23804063,23804353
usp,23804353,23804467
mbq,23804467,23807057
don,23807057,23807208
kqj,23807208,23807362
cbk,23807362,23808051
qxn,23808051,23810463
oht,23810463,23810593
kvr,23810593,23811051
sue,23811051,23814154
byl,23814154,23814315
kjd,23814315,23815580
cgg,23815580,23823861
sjn,23823861,23825365
und,23825365,23826080
kem,23826080,23826576
nnk,23826576,23826832
hil,23826832,23835106
anv,23835106,23837138
txn,23837138,23837388
yss,23837388,23837670
dzg,23837670,23838279
aly,23838279,23838725
ozm,23838725,23843039
ttw,23843039,23843077
wrz,23843077,23844016
ndh,23844016,23846851
bxn,23846851,23848637
ifk,23848637,23849692
mdr,23849692,23849997
tlf,23849997,23850291
ggw,23850291,23851139
zne,23851139,23852072
kyt,23852072,23852515
tcg,23852515,23853337
cet,23853337,23853671
kuj,23853671,23856155
asl,23856155,23856429
frc,23856429,23857744
xte,23857744,23858793
zad,23858793,23860487
xkv,23860487,23866912
eri,23866912,23867221
wkw,23867221,23868238
ddi,23868238,23868433
hdy,23868433,23869410
tda,23869410,23870090
kit,23870090,23871356
djm,23871356,23900299
dbw,23900299,23906175
gmm,23906175,23906344
mwm,23906344,23908549
sge,23908549,23908772
dbu,23908772,23923909
nzz,23923909,23931443
mci,23931443,23931690
wdd,23931690,23937132
sba,23937132,23938011
fub,23938011,23940119
nll,23940119,23940227
now,23940227,23943343
cns,23943343,23944117
szb,23944117,23944294
caf,23944294,23945807
wbh,23945807,23947403
pbr,23947403,23948771
gwe,23948771,23950349
ngq,23950349,23951962
qus,23951962,23954933
azo,23954933,23956382
ssd,23956382,23956716
nug,23956716,23957298
qul,23957298,23960244
afb,23960244,23960297
wmc,23960297,23960597
ses,23960597,23963324
snl,23963324,23963589
bhg,23963589,23964583
ngk,23964583,23965594
pml,23965594,23967659
arl,23967659,23972963
knd,23972963,23973323
cbt,23973323,23973552
sga,23973552,23975630
kmx,23975630,23975977
chn,23975977,23977508
aby,23977508,23977746
mzh,23977746,23979033
cfd,23979033,23979579
snk,23979579,23985303
cyb,23985303,23986448
tra,23986448,23986459
bsk,23986459,23987314
woc,23987314,23987524
dby,23987524,23987782
bdx,23987782,23987817
wno,23987817,23989221
tbl,23989221,23989704
waq,23989704,23991880
bjz,23991880,23992143
ape,23992143,23992516
tqo,23992516,23993803
pem,23993803,23999378
nrb,23999378,23999764
ukv,23999764,23999805
tbc,23999805,24001152
bmh,24001152,24001457
bpi,24001457,24001757
fad,24001757,24002072
kig,24002072,24003217
xyy,24003217,24003264
bbp,24003264,24003702
meq,24003702,24004518
bwq,24004518,24004722
ato,24004722,24004982
zmu,24004982,24005623
mrz,24005623,24006764
aro,24006764,24007726
ade,24007726,24007942
pbb,24007942,24009119
wyy,24009119,24009231
eip,24009231,24009647
kgu,24009647,24009961
oon,24009961,24010005
asv,24010005,24010259
buk,24010259,24010337
iar,24010337,24011078
dnw,24011078,24011649
kdu,24011649,24011719
gej,24011719,24011753
pio,24011753,24011999
lsm,24011999,24013499
ssz,24013499,24013820
bvw,24013820,24014260
cap,24014260,24015272
moc,24015272,24016988
cal,24016988,24017920
ate,24017920,24018224
rim,24018224,24021294
aso,24021294,24021633
szw,24021633,24021737
etn,24021737,24021775
suj,24021775,24023494
qya,24023494,24024060
mka,24024060,24024350
gol,24024350,24024501
mcz,24024501,24024813
ahi,24024813,24025225
dmb,24025225,24030932
wrh,24030932,24031552
zag,24031552,24033270
kqc,24033270,24034410
wrm,24034410,24035115
tmc,24035115,24035794
btw,24035794,24036088
vaj,24036088,24036426
kym,24036426,24036598
kol,24036598,24036761
kbk,24036761,24037118
bzp,24037118,24038384
sxb,24038384,24039704
mbp,24039704,24039771
kya,24039771,24041293
spl,24041293,24041567
tey,24041567,24042081
mye,24042081,24046813
abj,24046813,24046864
doe,24046864,24048149
mdd,24048149,24048736
poy,24048736,24050187
mwh,24050187,24050673
dtk,24050673,24056617
jim,24056617,24057052
jit,24057052,24060862
mev,24060862,24061062
mnz,24061062,24061517
uka,24061517,24062060
aty,24062060,24062307
ppu,24062307,24062593
gzn,24062593,24062869
kco,24062869,24062932
nsn,24062932,24063421
oro,24063421,24064300
luf,24064300,24064440
ihp,24064440,24065717
kaq,24065717,24066181
bfn,24066181,24066337
mpd,24066337,24066377
kav,24066377,24067366
shp,24067366,24069039
nen,24069039,24069322
wlo,24069322,24069872
tvs,24069872,24070575
hmt,24070575,24070778
aey,24070778,24071099
ikz,24071099,24074062
jaz,24074062,24074311
pak,24074311,24076249
ttj,24076249,24077891
hnh,24077891,24078207
ddg,24078207,24078481
dtt,24078481,24084237
bit,24084237,24084563
bgj,24084563,24085802
bni,24085802,24094028
rel,24094028,24094187
lex,24094187,24094475
rwk,24094475,24098877
imi,24098877,24099199
rag,24099199,24100808
mim,24100808,24102336
nih,24102336,24104063
wgo,24104063,24104127
vun,24104127,24106527
prw,24106527,24106839
ybm,24106839,24107135
kiv,24107135,24108359
onw,24108359,24108566
bie,24108566,24108863
mso,24108863,24109568
ttv,24109568,24110973
kxh,24110973,24111029
are,24111029,24111766
idt,24111766,24111776
ccc,24111776,24112342
drs,24112342,24113223
lnj,24113223,24113297
anb,24113297,24113303
bbq,24113303,24114521
huw,24114521,24114562
beg,24114562,24114780
dlm,24114780,24115609
pue,24115609,24116363
gvl,24116363,24117175
tug,24117175,24117344
gdr,24117344,24118995
tlt,24118995,24119099
ttd,24119099,24119350
wwr,24119350,24119829
bwp,24119829,24119873
zku,24119873,24122349
yia,24122349,24122645
tao,24122645,24126205
yad,24126205,24127737
mnb,24127737,24128274
nrl,24128274,24129186
aau,24129186,24129616
sbf,24129616,24130687
wmh,24130687,24130858
enq,24130858,24131616
tts,24131616,24131653
aun,24131653,24131840
sui,24131840,24132369
ncm,24132369,24133111
gam,24133111,24133159
dav,24133159,24134962
plg,24134962,24136071
dni,24136071,24136392
tkg,24136392,24136512
dbg,24136512,24136862
cag,24136862,24138327
aot,24138327,24138547
fau,24138547,24138616
bou,24138616,24141181
rui,24141181,24142601
wun,24142601,24145843
rhg,24145843,24151649
ena,24151649,24151961
wgu,24151961,24152583
mak,24152583,24153877
xto,24153877,24154593
vif,24154593,24160206
kcu,24160206,24161644
bez,24161644,24163731
ncu,24163731,24164800
pej,24164800,24164949
kdl,24164949,24165056
hdn,24165056,24166372
cuj,24166372,24166907
isu,24166907,24167436
teq,24167436,24167602
bmz,24167602,24168160
muy,24168160,24168187
bfm,24168187,24168824
csi,24168824,24169042
pma,24169042,24169354
tif,24169354,24169643
lih,24169643,24169869
ggk,24169869,24170377
nnq,24170377,24171639
lib,24171639,24171883
cwe,24171883,24173271
rnw,24173271,24176670
qvc,24176670,24178261
twp,24178261,24178280
zpi,24178280,24178319
doo,24178319,24178791
xbr,24178791,24179946
bkw,24179946,24181373
wau,24181373,24182461
lwo,24182461,24182539
too,24182539,24182678
swp,24182678,24182728
wca,24182728,24183639
mep,24183639,24184215
lai,24184215,24185692
txb,24185692,24186643
mgl,24186643,24186886
kgv,24186886,24187284
bjb,24187284,24188215
mvq,24188215,24188484
bvk,24188484,24188690
kdc,24188690,24189734
top,24189734,24190997
mpa,24190997,24192361
ona,24192361,24193160
hui,24193160,24193540
leq,24193540,24193941
diu,24193941,24194615
los,24194615,24194907
kmh,24194907,24195155
nis,24195155,24195486
kzz,24195486,24195537
tnm,24195537,24195725
pno,24195725,24195894
sig,24195894,24195934
jet,24195934,24195972
gor,24195972,24196499
mlk,24196499,24196531
yey,24196531,24196635
ylr,24196635,24197245
vin,24197245,24199005
aas,24199005,24199252
tsb,24199252,24199416
mjj,24199416,24199727
zaj,24199727,24201077
ndj,24201077,24202677
kxa,24202677,24202980
sef,24202980,24204712
sut,24204712,24204864
ebr,24204864,24205243
ndt,24205243,24205717
bce,24205717,24205939
ran,24205939,24206588
bqt,24206588,24207873
urw,24207873,24208211
bmt,24208211,24208275
bjv,24208275,24209825
brn,24209825,24209897
jic,24209897,24210126
bfl,24210126,24210322
dze,24210322,24211805
xuo,24211805,24212017
alp,24212017,24212472
xua,24212472,24212501
hnd,24212501,24212776
tde,24212776,24213798
jod,24213798,24213963
zgr,24213963,24214181
aoi,24214181,24215006
guz,24215006,24217317
ski,24217317,24217809
twq,24217809,24218617
dds,24218617,24219441
tcd,24219441,24219658
ncn,24219658,24219911
tdj,24219911,24219973
kbb,24219973,24220406
pbo,24220406,24220617
kvm,24220617,24220940
suw,24220940,24222040
mze,24222040,24222237
shr,24222237,24224609
auy,24224609,24225145
bcf,24225145,24225982
tbg,24225982,24226479
vko,24226479,24226521
mcb,24226521,24226727
mgq,24226727,24228284
lvk,24228284,24228667
ynd,24228667,24229898
kbc,24229898,24230034
koz,24230034,24230335
ggl,24230335,24230625
sra,24230625,24230937
btx,24230937,24231689
usu,24231689,24232002
bwk,24232002,24232126
gux,24232126,24232267
blb,24232267,24232971
lmr,24232971,24233163
dif,24233163,24233683
wuh,24233683,24233726
pnh,24233726,24233940
kia,24233940,24234048
qwh,24234048,24234098
wnu,24234098,24234401
dma,24234401,24236158
zyn,24236158,24236254
gwa,24236254,24236621
wsk,24236621,24236940
trn,24236940,24237823
hax,24237823,24238008
xnn,24238008,24238246
giq,24238246,24238445
quf,24238445,24239517
pom,24239517,24239649
mua,24239649,24240673
bjg,24240673,24241597
ner,24241597,24242091
txh,24242091,24242417
mpg,24242417,24242560
byq,24242560,24242734
han,24242734,24244271
bcm,24244271,24244573
prr,24244573,24244619
gpe,24244619,24244662
lag,24244662,24246567
lwh,24246567,24246633
lgg,24246633,24247099
rof,24247099,24250766
byt,24250766,24251060
bbc,24251060,24252268
nkg,24252268,24252739
wls,24252739,24253152
lsr,24253152,24253372
ctz,24253372,24255319
msh,24255319,24255357
pbu,24255357,24259816
mcn,24259816,24260264
zin,24260264,24261959
bzg,24261959,24262253
gfk,24262253,24262486
lrz,24262486,24262554
ker,24262554,24263506
dai,24263506,24264263
doh,24264263,24264444
mrf,24264444,24264876
mtg,24264876,24265556
fan,24265556,24266065
sbw,24266065,24266099
yre,24266099,24266298
naf,24266298,24266530
spn,24266530,24267994
mgm,24267994,24268204
mxw,24268204,24268478
azz,24268478,24269901
wog,24269901,24270055
nju,24270055,24270784
mcf,24270784,24270934
nia,24270934,24271477
cao,24271477,24272490
ksx,24272490,24272747
coj,24272747,24272861
bpn,24272861,24272908
qwa,24272908,24273626
kjy,24273626,24273912
ong,24273912,24274474
bpq,24274474,24274606
lkr,24274606,24274649
jbj,24274649,24275078
ssg,24275078,24275373
mxb,24275373,24276847
kmf,24276847,24277162
mfm,24277162,24278068
won,24278068,24279373
agt,24279373,24279603
qug,24279603,24279904
dym,24279904,24285997
kxj,24285997,24286185
stj,24286185,24286593
nud,24286593,24286801
avt,24286801,24287098
wri,24287098,24287599
prm,24287599,24287764
sbp,24287764,24289874
heh,24289874,24291633
wbb,24291633,24291679
drn,24291679,24291833
mnx,24291833,24291887
ali,24291887,24292195
zga,24292195,24293629
mqw,24293629,24293951
alu,24293951,24294473
qvw,24294473,24297527
dok,24297527,24297590
brv,24297590,24297627
asx,24297627,24297845
tuh,24297845,24298119
tep,24298119,24298158
fos,24298158,24298540
aab,24298540,24299274
jae,24299274,24299562
qux,24299562,24300026
asc,24300026,24300469
uri,24300469,24300908
djd,24300908,24302791
pif,24302791,24303144
tgw,24303144,24304088
slz,24304088,24304243
gir,24304243,24304276
spd,24304276,24304577
cas,24304577,24305676
dnn,24305676,24306114
zpn,24306114,24306153
orz,24306153,24306199
vma,24306199,24307118
omo,24307118,24307435
mlh,24307435,24307821
nwr,24307821,24307987
rhp,24307987,24308075
brg,24308075,24308417
urc,24308417,24308817
wnp,24308817,24309072
pha,24309072,24309357
gbg,24309357,24309595
lap,24309595,24310411
bov,24310411,24310640
zmx,24310640,24311214
tqu,24311214,24311974
anz,24311974,24312266
txt,24312266,24312551
iki,24312551,24312781
mfc,24312781,24313225
gnd,24313225,24315124
yul,24315124,24315223
etb,24315223,24315453
ann,24315453,24315844
ibe,24315844,24316032
ibr,24316032,24316262
wmb,24316262,24316808
nux,24316808,24316945
anw,24316945,24317326
huc,24317326,24317525
gwx,24317525,24317858
asa,24317858,24319417
xel,24319417,24319842
idi,24319842,24320255
age,24320255,24320350
kju,24320350,24320506
bff,24320506,24320665
ruk,24320665,24320837
vbb,24320837,24320986
ykm,24320986,24321181
mek,24321181,24321387
chm,24321387,24323838
dsq,24323838,24324218
waw,24324218,24325163
lub,24325163,24325618
swc,24325618,24325721
wae,24325721,24326415
kkj,24326415,24326488
luy,24326488,24328114
saq,24328114,24328595
mok,24328595,24329098
gev,24329098,24329601
bua,24329601,24330135
hmq,24330135,24330238
rjs,24330238,24331246
knn,24331246,24336606
snq,24336606,24336835
oko,24336835,24336867
bjw,24336867,24340670
ake,24340670,24341845
frm,24341845,24342112
bor,24342112,24342242
bdr,24342242,24342413
sce,24342413,24342478
abl,24342478,24342634
nus,24342634,24342974
emb,24342974,24343251
sax,24343251,24343298
trs,24343298,24343341
bkz,24343341,24343357
hoi,24343357,24343439
aji,24343439,24343496
ama,24343496,24343500
xlc,24343500,24343515
sro,24343515,24344261
aym,24344261,24345985
mer,24345985,24346545
lrc,24346545,24346932
neh,24346932,24346935
bhr,24346935,24347012
gba,24347012,24347410
gei,24347410,24347617
ibd,24347617,24348150
mhd,24348150,24348555
rmp,24348555,24348869
swm,24348869,24349171
dsh,24349171,24349439
seh,24349439,24349908
cbi,24349908,24351377
yec,24351377,24351382
wyb,24351382,24352296
xbe,24352296,24352298
rao,24352298,24352591
wmt,24352591,24353625
wym,24353625,24353927
acw,24353927,24355005
nst,24355005,24355265
orv,24355265,24355423
bjn,24355423,24355866
nsb,24355866,24356116
tyu,24356116,24356280
pua,24356280,24356323
cni,24356323,24356382
axm,24356382,24356406
mxy,24356406,24356408
osp,24356408,24356443
cpg,24356443,24356448
mga,24356448,24356468
dbp,24356468,24356483
bnc,24356483,24356489
tqw,24356489,24356549
bvx,24356549,24356721
mzs,24356721,24356734
pro,24356734,24356900
xaa,24356900,24356903
aeb,24356903,24357187
mwl,24357187,24357875
nhn,24357875,24358113
jbe,24358113,24358116
adl,24358116,24358117
btm,24358117,24358165
yox,24358165,24358545
kzg,24358545,24358821
okn,24358821,24359097
rys,24359097,24359271
mcw,24359271,24359273
tmn,24359273,24359275
ams,24359275,24359360
khg,24359360,24359679
hal,24359679,24359960
azg,24359960,24359995
ite,24359995,24360056
avk,24360056,24360264
bcz,24360264,24360321
aba,24360321,24360791
cob,24360791,24360894
yap,24360894,24361279
fax,24361279,24361291
esh,24361291,24361334
knj,24361334,24361445
bpy,24361445,24371669
hre,24371669,24371986
nca,24371986,24372233
vbk,24372233,24372237
obk,24372237,24372249
mqs,24372249,24372546
uzs,24372546,24372602
xpu,24372602,24372604
xeg,24372604,24372761
kwz,24372761,24372862
kqu,24372862,24372864
gju,24372864,24373353
zen,24373353,24373441
mlf,24373441,24373456
swn,24373456,24373491
siz,24373491,24373550
mji,24373550,24373802
twh,24373802,24373959
cdy,24373959,24373989
byk,24373989,24374120
zch,24374120,24374376
sck,24374376,24374423
kmz,24374423,24375271
wes,24375271,24375314
oua,24375314,24375359
hno,24375359,24375584
tcs,24375584,24375680
quk,24375680,24375756
xmw,24375756,24375833
xmv,24375833,24375984
txy,24375984,24376022
tdx,24376022,24376183
skg,24376183,24376434
bzc,24376434,24376663
gwr,24376663,24378217
unk,24378217,24378261
ckq,24378261,24378376
thz,24378376,24378417
chx,24378417,24378465
tea,24378465,24378478
sea,24378478,24378582
gvn,24378582,24378625
kge,24378625,24379071
rmg,24379071,24379113
zng,24379113,24379116
rml,24379116,24379253
thr,24379253,24379289
the,24379289,24379324
knx,24379324,24379372
wmw,24379372,24379404
rmo,24379404,24379447
thl,24379447,24379484
rah,24379484,24379523
quw,24379523,24379646
bmm,24379646,24379721
qxr,24379721,24379806
qvz,24379806,24379894
ctn,24379894,24379939
sjl,24379939,24380011
kgj,24380011,24380049
jul,24380049,24380089
kfq,24380089,24380104
zaa,24380104,24380150
gvp,24380150,24380187
nhm,24380187,24380345
ncx,24380345,24380592
azn,24380592,24380634
azd,24380634,24380664
rmu,24380664,24380711
nhq,24380711,24380800
pac,24380800,24380816
pab,24380816,24380867
jiv,24380867,24381458
inj,24381458,24381502
tye,24381502,24381536
phg,24381536,24381539
mrq,24381539,24382940
tlp,24382940,24383037
tvo,24383037,24383114
mra,24383114,24383130
aoa,24383130,24383173
toc,24383173,24383275
tlc,24383275,24383370
dhv,24383370,24383688
naz,24383688,24383792
nuz,24383792,24383858
nhe,24383858,24383998
ngu,24383998,24384171
ncl,24384171,24384215
nhx,24384215,24384261
qvn,24384261,24384314
nht,24384314,24384346
nhp,24384346,24384381
wah,24384381,24384609
tlu,24384609,24384802
tpt,24384802,24384910
mky,24384910,24385225
kto,24385225,24385467
yln,24385467,24385602
zgn,24385602,24385739
kxm,24385739,24385742
nur,24385742,24385781
bcu,24385781,24385897
pse,24385897,24386167
xmm,24386167,24386389
mtd,24386389,24386436
max,24386436,24386471
abs,24386471,24386712
mfb,24386712,24386774
ojv,24386774,24386968
dhi,24386968,24387018
aml,24387018,24387030
tct,24387030,24387093
yih,24387093,24387134
huv,24387134,24387322
nsu,24387322,24387355
nhy,24387355,24387419
bgg,24387419,24387461
yka,24387461,24387785
duw,24387785,24387826
duq,24387826,24387873
aud,24387873,24388167
pkt,24388167,24388169
taj,24388169,24388209
kpg,24388209,24388565
tvd,24388565,24388608
aib,24388608,24388639
vme,24388639,24388787
tvm,24388787,24388944
gal,24388944,24389131
mxz,24389131,24389287
imr,24389287,24389444
mrl,24389444,24389598
xmg,24389598,24389681
ysn,24389681,24389716
emy,24389716,24390708
sov,24390708,24391248
qxa,24391248,24392019
zps,24392019,24392020
nak,24392020,24392754
sol,24392754,24392984
mcg,24392984,24393793
fut,24393793,24394035
ppl,24394035,24394231
eee,24394231,24394232
fbl,24394232,24394233
hrc,24394233,24394234
hrw,24394234,24394235
jax,24394235,24394237
kzs,24394237,24394238
nsy,24394238,24394239
nty,24394239,24394240
tyj,24394240,24394241
wxa,24394241,24394242
ykt,24394242,24394243
yly,24394243,24394244
yzg,24394244,24394245
phk,24394245,24394246
ilu,24394246,24394609
agw,24394609,24394688
pav,24394688,24394926
mbn,24394926,24395014
vmg,24395014,24395236
eto,24395236,24395350
nxa,24395350,24395516
nuo,24395516,24395553
xnm,24395553,24395557
jia,24395557,24395593
cdz,24395593,24396162
mjd,24396162,24396341
tbj,24396341,24396548
bwd,24396548,24396807
jab,24396807,24396987
ekl,24396987,24396988
soh,24396988,24397282
mma,24397282,24397413
amo,24397413,24397555
xpg,24397555,24397638
aaw,24397638,24397687
sly,24397687,24397984
six,24397984,24398309
kzf,24398309,24398350
twy,24398350,24398389
mdm,24398389,24398621
smy,24398621,24398657
ass,24398657,24398696
ahs,24398696,24398876
lum,24398876,24398877
akf,24398877,24398878
iyo,24398878,24398879
uiv,24398879,24398880
uta,24398880,24398881
emn,24398881,24398882
bzz,24398882,24398883
bec,24398883,24398885
ckx,24398885,24398888
aum,24398888,24398889
gpa,24398889,24398891
bzy,24398891,24398896
afe,24398896,24398900
byp,24398900,24398901
uba,24398901,24398902
dbb,24398902,24398903
gua,24398903,24398904
zaz,24398904,24398905
kof,24398905,24398906
mcm,24398906,24398965
rki,24398965,24398966
ckh,24398966,24398967
tpe,24398967,24398968
gbr,24398968,24398971
gby,24398971,24400453
shl,24400453,24400454
agc,24400454,24400455
ala,24400455,24400456
ekr,24400456,24400457
dio,24400457,24400458
kmi,24400458,24400459
kka,24400459,24400460
kug,24400460,24400461
vkm,24400461,24400474
vic,24400474,24400487
scu,24400487,24400488
tia,24400488,24400490
juw,24400490,24400491
otu,24400491,24400492
kcy,24400492,24400493
fam,24400493,24400494
mbz,24400494,24400495
miu,24400495,24400496
azm,24400496,24400497
mie,24400497,24400498
mks,24400498,24400499
mxv,24400499,24400500
vmm,24400500,24400501
mdv,24400501,24400502
nbr,24400502,24400740
mtu,24400740,24400741
jmx,24400741,24400742
zkp,24400742,24400743
tas,24400743,24400744
fly,24400744,24400745
gic,24400745,24400746
rau,24400746,24400747
bhn,24400747,24400748
cby,24400748,24400749
pij,24400749,24400750
xep,24400750,24400751
slj,24400751,24400752
bjf,24400752,24400755
xht,24400755,24400756
ybn,24400756,24400757
qva,24400757,24401133
crr,24401133,24401134
xrt,24401134,24401135
mkq,24401135,24401136
ctc,24401136,24401137
dre,24401137,24401139
hut,24401139,24401141
lhm,24401141,24401142
muk,24401142,24401143
kte,24401143,24401144
ola,24401144,24401145
tcn,24401145,24401146
tsk,24401146,24401147
byw,24401147,24401148
cur,24401148,24401149
urp,24401149,24401150
bdc,24401150,24401151
tmf,24401151,24402355
cbs,24402355,24402872
xir,24402872,24402925
jor,24402925,24402926
arx,24402926,24402933
vmr,24402933,24402934
kjz,24402934,24402936
xri,24402936,24402942
mny,24402942,24402943
mom,24402943,24402997
zpw,24402997,24402998
bzk,24402998,24403001
zkr,24403001,24403002
sdp,24403002,24403057
hca,24403057,24403058
tke,24403058,24403059
qxu,24403059,24403060
onp,24403060,24403061
lsh,24403061,24403062
cvg,24403062,24403063
kzn,24403063,24403064
lon,24403064,24403065
qvl,24403065,24403066
ngn,24403066,24403067
bjs,24403067,24403068
sgp,24403068,24403069
rnp,24403069,24403070
nkb,24403070,24403071
ssk,24403071,24403072
pwo,24403072,24403073
iml,24403073,24403074
hns,24403074,24403077
xzp,24403077,24403078
awg,24403078,24403079
btc,24403079,24403080
fll,24403080,24403081
jbu,24403081,24403117
juo,24403117,24403118
xab,24403118,24403119
qwm,24403119,24403123
ayb,24403123,24403124
zkb,24403124,24403125
mco,24403125,24403224
xtg,24403224,24403225
itx,24403225,24403227
nmt,24403227,24403228
tgh,24403228,24403229
jii,24403229,24403230
sth,24403230,24403234
ole,24403234,24403235
flr,24403235,24403236
ida,24403236,24403237
job,24403237,24403238
nyd,24403238,24403239
sod,24403239,24403240
ssc,24403240,24403241
itk,24403241,24403242
brl,24403242,24403243
yat,24403243,24403685
zrp,24403685,24403686
tub,24403686,24403890
emg,24403890,24403899
raf,24403899,24403900
bsg,24403900,24403901
xgd,24403901,24403902
avm,24403902,24403903
glh,24403903,24403904
aee,24403904,24403905
psi,24403905,24403906
nkp,24403906,24403907
dep,24403907,24403908
sbv,24403908,24403909
zbl,24403909,24403910
adx,24403910,24403938
dcc,24403938,24403939
dam,24403939,24403940
axe,24403940,24403942
dme,24403942,24403944
nrt,24403944,24403945
aox,24403945,24403946
njr,24403946,24403947
acp,24403947,24403982
dlk,24403982,24403983
dry,24403983,24403984
sqr,24403984,24403985
xlp,24403985,24403986
rav,24403986,24403987
ukp,24403987,24403989
skj,24403989,24403995
tij,24403995,24403996
ptp,24403996,24404076
zao,24404076,24404077
zar,24404077,24404078
zpr,24404078,24404079
pow,24404079,24404080
zoq,24404080,24404081
bwa,24404081,24404082
lkh,24404082,24404083
xcr,24404083,24404084
tvy,24404084,24404085
laa,24404085,24404086
kdm,24404086,24404217
ayu,24404217,24404806
stg,24404806,24404870
xsh,24404870,24404928
elx,24404928,24405697
omc,24405697,24405746
jub,24405746,24405789
lra,24405789,24405794
nay,24405794,24406289
mmz,24406289,24406348
bdy,24406348,24408847
mtc,24408847,24409170
bbr,24409170,24409490
bbd,24409490,24409812
gmu,24409812,24410113
gdm,24410113,24410383
rpt,24410383,24410695
snr,24410695,24411024
ghl,24411024,24412594
nlg,24412594,24413169
chb,24413169,24414575
aia,24414575,24415131
mnv,24415131,24415657
gdd,24415657,24416068
qxw,24416068,24416990
plv,24416990,24417375
ign,24417375,24418436
faj,24418436,24418709
rro,24418709,24418912
xet,24418912,24418965
kma,24418965,24419010
mpx,24419010,24419242
ubr,24419242,24419458
mpi,24419458,24419511
ksq,24419511,24419547
tsx,24419547,24419582
lid,24419582,24419662
acl,24419662,24419706
gax,24419706,24419873
uur,24419873,24420112
bcj,24420112,24421575
fom,24421575,24421586
enx,24421586,24422600
oym,24422600,24423751
jng,24423751,24424163
wka,24424163,24424401
rmb,24424401,24424794
gaw,24424794,24425097
igo,24425097,24425391
kgo,24425391,24426442
agd,24426442,24426664
kwh,24426664,24426963
utu,24426963,24427259
nyv,24427259,24428619
kec,24428619,24429097
isa,24429097,24429339
bql,24429339,24429631
mec,24429631,24430584
ttu,24430584,24430795
tpf,24430795,24431014
bpm,24431014,24431287
nks,24431287,24431468
asz,24431468,24431650
bpz,24431650,24431967
mhg,24431967,24432379
dyb,24432379,24433648
nmp,24433648,24434390
yby,24434390,24434715
hae,24434715,24435323
ktb,24435323,24436418
pmr,24436418,24436716
sij,24436716,24437015
pda,24437015,24437325
zmp,24437325,24438062
xse,24438062,24438233
yxl,24438233,24438460
ifu,24438460,24438945
smr,24438945,24439344
djn,24439344,24439775
yyu,24439775,24439833
kpr,24439833,24440119
kqq,24440119,24440160
lbb,24440160,24440206
lgl,24440206,24440249
awm,24440249,24440537
bvn,24440537,24440971
txi,24440971,24441016
doz,24441016,24441157
irx,24441157,24441262
xsp,24441262,24441556
mqe,24441556,24441858
kcp,24441858,24442160
ele,24442160,24442292
naj,24442292,24442510
kie,24442510,24442831
lyn,24442831,24442993
sie,24442993,24443182
lei,24443182,24443430
xow,24443430,24443710
kbt,24443710,24443917
gia,24443917,24444244
umr,24444244,24444564
gap,24444564,24444854
fuv,24444854,24445119
wer,24445119,24445234
kyx,24445234,24445434
bhl,24445434,24445665
nyh,24445665,24446760
nee,24446760,24447006
mna,24447006,24447129
ngc,24447129,24447271
ndn,24447271,24447282
bza,24447282,24447558
wuv,24447558,24447867
ndq,24447867,24447873
mdp,24447873,24447923
mck,24447923,24447963
brf,24447963,24447974
kbs,24447974,24448012
nyy,24448012,24449623
nho,24449623,24449861
gdi,24449861,24449871
mnm,24449871,24450186
nzd,24450186,24450878
twu,24450878,24451092
lll,24451092,24451225
wny,24451225,24452180
dba,24452180,24452746
zmo,24452746,24453010
bny,24453010,24453378
kiz,24453378,24454918
tdv,24454918,24454954
mkp,24454954,24455196
haq,24455196,24456880
mys,24456880,24456945
bim,24456945,24457045
ifb,24457045,24457434
kqn,24457434,24457474
maw,24457474,24457703
toi,24457703,24457716
tap,24457716,24457770
mwn,24457770,24459477
hem,24459477,24459488
bnx,24459488,24459526
hay,24459526,24461126
mgz,24461126,24461180
bhy,24461180,24461191
gbd,24461191,24462457
kcw,24462457,24462468
zak,24462468,24463646
rng,24463646,24463657
wrp,24463657,24463958
nlj,24463958,24463969
grt,24463969,24464016
avi,24464016,24464401
saw,24464401,24464802
pic,24464802,24465412
mfv,24465412,24465616
ldi,24465616,24466760
kzr,24466760,24467263
lgn,24467263,24467586
liq,24467586,24467705
dof,24467705,24467865
xga,24467865,24468303
mqf,24468303,24468614
mrh,24468614,24468698
xgf,24468698,24468747
pri,24468747,24468755
ega,24468755,24469136
mtp,24469136,24470207
zun,24470207,24471300
kaw,24471300,24472533
ssq,24472533,24472749
ydk,24472749,24473053
zia,24473053,24473178
dau,24473178,24473394
sde,24473394,24473528
sbm,24473528,24473539
kki,24473539,24473591
bji,24473591,24474829
lww,24474829,24475099
pae,24475099,24475134
wad,24475134,24475407
khe,24475407,24475776
sow,24475776,24475809
khp,24475809,24475861
bpv,24475861,24476029
bpr,24476029,24476307
reb,24476307,24476533
beq,24476533,24477095
bse,24477095,24477534
gqr,24477534,24478263
kgq,24478263,24478449
gaf,24478449,24478796
njn,24478796,24478846
eja,24478846,24479002
awt,24479002,24479037
reg,24479037,24480540
yij,24480540,24481589
moq,24481589,24481849
bnp,24481849,24481909
mcc,24481909,24482198
uar,24482198,24482602
rac,24482602,24482641
yuw,24482641,24483062
tpl,24483062,24483197
tpx,24483197,24483376
sob,24483376,24483600
dgb,24483600,24484059
dge,24484059,24484268
mhw,24484268,24484317
hih,24484317,24484608
akc,24484608,24484660
duc,24484660,24484910
awi,24484910,24485259
yrb,24485259,24485801
tfr,24485801,24485858
bqz,24485858,24486099
sys,24486099,24486235
mnh,24486235,24487754
mjs,24487754,24488158
biw,24488158,24489362
tgo,24489362,24489477
bco,24489477,24489760
aye,24489760,24489799
zaq,24489799,24489840
kzm,24489840,24490135
pkb,24490135,24490175
trt,24490175,24490239
kqb,24490239,24490439
boq,24490439,24490657
hmu,24490657,24490696
ybo,24490696,24491000
djw,24491000,24491224
wdg,24491224,24491527
gbp,24491527,24491951
xwk,24491951,24492479
djj,24492479,24493278
wgg,24493278,24493401
jum,24493401,24493535
ukg,24493535,24493825
gso,24493825,24494042
nkr,24494042,24494435
bqw,24494435,24494490
nyf,24494490,24494596
ndo,24494596,24494663
mqj,24494663,24494766
tce,24494766,24494946
ruf,24494946,24496069
soc,24496069,24496080
kel,24496080,24496091
lln,24496091,24496541
bjc,24496541,24496729
med,24496729,24497374
mdq,24497374,24497385
otz,24497385,24497430
mmi,24497430,24497732
okv,24497732,24498044
ofs,24498044,24498238
slc,24498238,24498738
ard,24498738,24499305
nss,24499305,24499372
pup,24499372,24499617
kop,24499617,24499919
duk,24499919,24500232
soe,24500232,24500243
abw,24500243,24500524
plh,24500524,24500846
iws,24500846,24501010
nir,24501010,24501100
nlc,24501100,24501234
stk,24501234,24501639
nyk,24501639,24501650
kqw,24501650,24501855
xes,24501855,24502141
ssj,24502141,24502469
eme,24502469,24502506
zmb,24502506,24503182
tjm,24503182,24503312
mwv,24503312,24503406
mvd,24503406,24503622
aon,24503622,24503844
tcm,24503844,24504162
mzu,24504162,24505010
bdp,24505010,24505730
dev,24505730,24505994
tba,24505994,24506101
mip,24506101,24506147
haa,24506147,24506264
sbq,24506264,24506589
etr,24506589,24506875
wil,24506875,24506878
gma,24506878,24506882
acu,24506882,24507557
bzw,24507557,24507568
kgy,24507568,24507608
and,24507608,24507663
fqs,24507663,24507866
cnh,24507866,24507927
kij,24507927,24508222
jbk,24508222,24508320
kvj,24508320,24508819
uan,24508819,24508919
fai,24508919,24509215
sst,24509215,24509350
kdw,24509350,24509568
sdj,24509568,24510199
saz,24510199,24510244
tio,24510244,24510514
pru,24510514,24511181
ilv,24511181,24511411
faa,24511411,24511676
nib,24511676,24511836
abr,24511836,24512264
kwo,24512264,24512467
vku,24512467,24512896
ndg,24512896,24514268
skh,24514268,24514311
mxg,24514311,24514322
ggu,24514322,24514469
lby,24514469,24514558
nbe,24514558,24514615
tsg,24514615,24515064
ktx,24515064,24515110
vut,24515110,24515201
sgz,24515201,24515240
bvd,24515240,24515277
wnk,24515277,24515505
kux,24515505,24515947
gna,24515947,24515959
ybj,24515959,24516121
saf,24516121,24516218
dyi,24516218,24516545
bon,24516545,24517874
amp,24517874,24518210
gza,24518210,24518342
ntj,24518342,24518514
lka,24518514,24518528
auw,24518528,24518565
xpv,24518565,24518675
lmw,24518675,24518874
zpm,24518874,24518917
biz,24518917,24518968
kgl,24518968,24519217
zeg,24519217,24519296
efa,24519296,24519529
bfh,24519529,24519858
wja,24519858,24519944
kqa,24519944,24520240
mea,24520240,24520489
yea,24520489,24520522
rma,24520522,24520680
dyd,24520680,24520879
jow,24520879,24521522
mpm,24521522,24522895
kmo,24522895,24523571
yra,24523571,24523691
mwb,24523691,24523999
mzi,24523999,24524039
dtu,24524039,24524521
dug,24524521,24524553
mzw,24524553,24525007
dbi,24525007,24525132
wod,24525132,24525384
imo,24525384,24525489
anx,24525489,24525506
juh,24525506,24525556
ter,24525556,24525599
nse,24525599,24525658
sng,24525658,24525669
mdt,24525669,24526123
bmb,24526123,24526134
orr,24526134,24526176
nrk,24526176,24526594
vmi,24526594,24526598
pss,24526598,24526841
ttk,24526841,24526948
piv,24526948,24527284
hoa,24527284,24527491
wbv,24527491,24528665
klm,24528665,24528946
nzb,24528946,24529045
alh,24529045,24532814
dag,24532814,24533020
ngl,24533020,24533071
nsx,24533071,24533082
abx,24533082,24533470
nyx,24533470,24533596
lti,24533596,24533917
buf,24533917,24533964
nkw,24533964,24533975
bwl,24533975,24533986
bja,24533986,24534054
szg,24534054,24534065
ksv,24534065,24534076
iby,24534076,24534628
rea,24534628,24534877
bkx,24534877,24534935
scv,24534935,24534982
myl,24534982,24534993
esg,24534993,24535031
kph,24535031,24535130
ghs,24535130,24535365
thd,24535365,24535418
nzy,24535418,24535686
lhn,24535686,24535879
ynl,24535879,24536129
kzc,24536129,24536453
bgv,24536453,24536552
sbs,24536552,24536563
adh,24536563,24536605
pkp,24536605,24536990
mpt,24536990,24537245
ngp,24537245,24538484
tdl,24538484,24538525
ntk,24538525,24539879
far,24539879,24539916
pwm,24539916,24539989
can,24539989,24540184
but,24540184,24540370
sev,24540370,24540706
roo,24540706,24540934
amj,24540934,24541009
tzx,24541009,24541039
mot,24541039,24541526
nuw,24541526,24541562
ana,24541562,24541603
ife,24541603,24542048
enw,24542048,24542279
ago,24542279,24542460
rob,24542460,24543411
duf,24543411,24543437
yav,24543437,24543847
daq,24543847,24543894
apq,24543894,24543957
tlv,24543957,24544323
fag,24544323,24544573
blv,24544573,24544584
fip,24544584,24546339
ify,24546339,24546778
giw,24546778,24546983
mwg,24546983,24546995
ppm,24546995,24547043
bye,24547043,24547321
ttm,24547321,24547489
kbx,24547489,24547804
dta,24547804,24547903
ykr,24547903,24547953
aew,24547953,24548104
mql,24548104,24548148
keg,24548148,24548164
cuv,24548164,24548201
wbi,24548201,24549681
muo,24549681,24549780
aif,24549780,24549896
muc,24549896,24550081
cbb,24550081,24550116
tmy,24550116,24550163
moj,24550163,24550415
bli,24550415,24550463
gbb,24550463,24550656
poo,24550656,24550806
boz,24550806,24550928
njz,24550928,24551118
mct,24551118,24551152
trq,24551152,24551167
aof,24551167,24551390
lcc,24551390,24551450
goc,24551450,24551488
grg,24551488,24551661
fkk,24551661,24552139
plr,24552139,24552464
kko,24552464,24552565
alw,24552565,24552696
myg,24552696,24553230
olt,24553230,24553328
bfp,24553328,24553560
dti,24553560,24553991
uda,24553991,24554225
anf,24554225,24554439
noz,24554439,24554576
kgs,24554576,24554950
trh,24554950,24555120
nco,24555120,24555428
apx,24555428,24555584
bop,24555584,24555706
lch,24555706,24555717
kdn,24555717,24555728
xmr,24555728,24555731
hoe,24555731,24555813
naw,24555813,24556668
akh,24556668,24556705
vkj,24556705,24557025
dgd,24557025,24557134
dgi,24557134,24557239
gsp,24557239,24557602
mrv,24557602,24557782
pin,24557782,24557983
bxb,24557983,24558512
yky,24558512,24558751
hrx,24558751,24558763
sdc,24558763,24559065
wni,24559065,24559223
zab,24559223,24559272
mqm,24559272,24559286
yuy,24559286,24559300
aqp,24559300,24559372
zpu,24559372,24559422
apk,24559422,24559435
ikt,24559435,24559488
ase,24559488,24559743
ssp,24559743,24561520
pto,24561520,24561552
kxf,24561552,24561587
bsi,24561587,24561631
apn,24561631,24561728
duv,24561728,24561785
aci,24561785,24561824
mil,24561824,24561864
bao,24561864,24562020
taf,24562020,24562063
wle,24562063,24562096
niy,24562096,24562147
pia,24562147,24562229
urz,24562229,24562269
gvj,24562269,24562299
gub,24562299,24562348
adw,24562348,24562389
mmq,24562389,24562703
anq,24562703,24562759
itb,24562759,24562982
xka,24562982,24563024
ush,24563024,24563066
ttf,24563066,24563094
mmh,24563094,24563143
ekp,24563143,24563321
api,24563321,24563367
pyn,24563367,24563412
mzr,24563412,24563454
knt,24563454,24563532
asu,24563532,24563572
aap,24563572,24563619
xpk,24563619,24563648
grn,24563648,24563702
poq,24563702,24563804
liy,24563804,24564033
arw,24564033,24564094
tsh,24564094,24564124
ott,24564124,24564162
xub,24564162,24564195
bkq,24564195,24564241
wfg,24564241,24564276
way,24564276,24564331
skf,24564331,24564364
tei,24564364,24564612
nct,24564612,24564654
plw,24564654,24565092
gel,24565092,24565167
yev,24565167,24565217
png,24565217,24565282
awx,24565282,24565410
ymo,24565410,24565446
mih,24565446,24565481
ywn,24565481,24565519
nnm,24565519,24565716
swo,24565716,24565754
asy,24565754,24565804
sml,24565804,24566040
zaf,24566040,24566076
juy,24566076,24566108
mxd,24566108,24566350
nmu,24566350,24566579
jbt,24566579,24566629
wof,24566629,24566665
avv,24566665,24566708
omg,24566708,24566744
www,24566744,24566792
xat,24566792,24566829
auj,24566829,24566863
sdg,24566863,24566898
anh,24566898,24567190
awr,24567190,24567243
kbz,24567243,24567285
xbg,24567285,24567344
nha,24567344,24567487
bia,24567487,24567687
xul,24567687,24567746
xyt,24567746,24567794
gwu,24567794,24567837
dmd,24567837,24567875
dyn,24567875,24567974
xmy,24567974,24568026
nxn,24568026,24568064
xyj,24568064,24568121
xyk,24568121,24568170
uwa,24568170,24568209
zmc,24568209,24568245
xtv,24568245,24568268
nac,24568268,24568321
dip,24568321,24568348
dyy,24568348,24568393
cpu,24568393,24568468
cpc,24568468,24568516
cpb,24568516,24568547
cjo,24568547,24568575
swj,24568575,24568728
ndi,24568728,24568836
yaw,24568836,24568877
mjc,24568877,24568924
urx,24568924,24569465
mda,24569465,24569794
knp,24569794,24569872
hag,24569872,24570013
xpe,24570013,24570053
llc,24570053,24570093
bxw,24570093,24570133
kga,24570133,24570301
ssl,24570301,24570336
zua,24570336,24570393
hya,24570393,24570825
biv,24570825,24570858
pbn,24570858,24570894
hue,24570894,24570941
eit,24570941,24570987
dtm,24570987,24571353
akw,24571353,24571383
wlu,24571383,24571609
tiq,24571609,24571646
nti,24571646,24571691
ktd,24571691,24571731
cax,24571731,24571786
rkm,24571786,24571825
man,24571825,24572033
mlq,24572033,24572096
kao,24572096,24572147
jud,24572147,24572178
nnp,24572178,24572247
loy,24572247,24572300
maj,24572300,24572349
xiy,24572349,24572386
ots,24572386,24572463
otq,24572463,24572545
bzx,24572545,24572585
nph,24572585,24572666
ctp,24572666,24572709
gkp,24572709,24572749
ung,24572749,24572900
liz,24572900,24572954
puu,24572954,24573052
njl,24573052,24573093
kfo,24573093,24573126
jek,24573126,24573159
yub,24573159,24573269
vmy,24573269,24573314
vmp,24573314,24573348
tnz,24573348,24573394
xbi,24573394,24573448
eko,24573448,24573491
nnj,24573491,24573547
ymb,24573547,24573977
tua,24573977,24574136
atr,24574136,24574195
qvo,24574195,24574228
qup,24574228,24574276
qxp,24574276,24574357
mae,24574357,24574405
kcn,24574405,24574464
kni,24574464,24574502
xbn,24574502,24574533
mtm,24574533,24574687
tgj,24574687,24574719
dne,24574719,24574758
cta,24574758,24574802
pep,24574802,24575101
tlb,24575101,24575154
pgu,24575154,24575211
gbi,24575211,24575282
spc,24575282,24575316
mcu,24575316,24575353
kvy,24575353,24575394
nnl,24575394,24575439
pbf,24575439,24575471
ksl,24575471,24575510
gvo,24575510,24575544
ahl,24575544,24575598
bcn,24575598,24575635
weh,24575635,24576103
gne,24576103,24576142
bze,24576142,24576723
yig,24576723,24576760
pnq,24576760,24576816
how,24576816,24576858
pko,24576858,24576930
npo,24576930,24576977
nam,24576977,24577048
maq,24577048,24577132
dux,24577132,24577173
nkc,24577173,24577217
yuz,24577217,24577331
dks,24577331,24577366
diw,24577366,24577390
did,24577390,24577571
kqs,24577571,24577601
bbw,24577601,24578936
prx,24578936,24578977
byo,24578977,24579017
itm,24579017,24579256
yal,24579256,24579398
knk,24579398,24579553
ukq,24579553,24579786
uji,24579786,24579825
bsx,24579825,24579873
knb,24579873,24580108
baf,24580108,24580143
nbw,24580143,24580187
nku,24580187,24580496
mqu,24580496,24580536
svs,24580536,24581036
ure,24581036,24581097
dhs,24581097,24581139
amx,24581139,24581168
xta,24581168,24581669
kjm,24581669,24581713
pmm,24581713,24581746
ayc,24581746,24581864
lcp,24581864,24581913
gnr,24581913,24582327
dji,24582327,24582369
orx,24582369,24582617
mif,24582617,24582665
lbu,24582665,24582713
kcl,24582713,24582761
ayn,24582761,24582801
pix,24582801,24582848
nie,24582848,24583046
waz,24583046,24583095
wmx,24583095,24583131
wlw,24583131,24583209
bvc,24583209,24583245
ara,24583245,24583285
mvn,24583285,24583339
ztp,24583339,24583416
okr,24583416,24583452
eky,24583452,24583484
tau,24583484,24583630
tcb,24583630,24583817
xhu,24583817,24583911
brk,24583911,24584017
loh,24584017,24584127
mmb,24584127,24584381
ngx,24584381,24584800
ywa,24584800,24584961
yli,24584961,24585054
ndm,24585054,24585158
doa,24585158,24585427
mhf,24585427,24585484
opk,24585484,24585694
nqm,24585694,24586334
syb,24586334,24586596
afp,24586596,24586808
tci,24586808,24587012
dnt,24587012,24587216
nax,24587216,24587451
afk,24587451,24587761
sug,24587761,24587948
aac,24587948,24588145
mty,24588145,24588382
inn,24588382,24588410
mds,24588410,24589303
wrv,24589303,24589548
ybx,24589548,24589757
awh,24589757,24589898
aup,24589898,24590443
moa,24590443,24590653
mse,24590653,24591080
hml,24591080,24591081
abg,24591081,24591245
ado,24591245,24591257
mrr,24591257,24591361
xad,24591361,24591372
adn,24591372,24591412
dth,24591412,24591443
adr,24591443,24591445
aez,24591445,24591480
aft,24591480,24591555
ymc,24591555,24591556
xeu,24591556,24591844
luw,24591844,24591847
nmx,24591847,24591849
aix,24591849,24591850
aki,24591850,24591862
aio,24591862,24591964
akm,24591964,24592011
aky,24592011,24592054
ack,24592054,24592055
okd,24592055,24592097
afi,24592097,24592110
aqz,24592110,24592111
ako,24592111,24592115
alj,24592115,24592126
btz,24592126,24592141
axl,24592141,24592142
all,24592142,24592145
aad,24592145,24592185
amn,24592185,24592250
aie,24592250,24592486
amr,24592486,24592537
yva,24592537,24592724
aag,24592724,24592884
apo,24592884,24592885
kbv,24592885,24592955
let,24592955,24592958
alx,24592958,24593163
aod,24593163,24593174
adg,24593174,24593180
aak,24593180,24593375
agg,24593375,24593403
ojb,24593403,24593421
anj,24593421,24593459
ant,24593459,24593464
aui,24593464,24593471
pni,24593471,24593485
xap,24593485,24593488
xaq,24593488,24593490
atq,24593490,24593620
axg,24593620,24593621
mwc,24593621,24593634
laz,24593634,24593678
ark,24593678,24593728
aqg,24593728,24593765
luc,24593765,24593767
atz,24593767,24593768
eiv,24593768,24593929
xss,24593929,24593972
srv,24593972,24594039
atd,24594039,24594265
teo,24594265,24594735
uam,24594735,24594736
atc,24594736,24594742
usa,24594742,24594754
auu,24594754,24594756
psu,24594756,24594763
aya,24594763,24594778
ael,24594778,24595305
aza,24595305,24595306
mbf,24595306,24595322
btj,24595322,24595323
xbc,24595323,24595333
bgo,24595333,24595368
bmd,24595368,24595443
bsp,24595443,24595499
bgq,24595499,24595501
msa,24595501,24595506
bsu,24595506,24595508
bbf,24595508,24595693
bbs,24595693,24595704
bkr,24595704,24595716
blz,24595716,24595728
blq,24595728,24595743
bmc,24595743,24595754
bmg,24595754,24596044
bvj,24596044,24596079
yaj,24596079,24596252
bcv,24596252,24596258
bxg,24596258,24596639
bgf,24596639,24596808
bbe,24596808,24596819
bvv,24596819,24596859
bno,24596859,24596911
bab,24596911,24596922
baj,24596922,24596933
brp,24596933,24596934
bxu,24596934,24596936
bjk,24596936,24597105
tbn,24597105,24597106
pok,24597106,24597111
bae,24597111,24597159
bsl,24597159,24597170
btv,24597170,24597171
bgr,24597171,24597172
bme,24597172,24597189
bko,24597189,24597194
bzv,24597194,24597224
bek,24597224,24597227
bed,24597227,24597238
bnz,24597238,24597239
bey,24597239,24597292
byi,24597292,24597295
bue,24597295,24597359
bep,24597359,24597360
byf,24597360,24597361
brd,24597361,24597367
xur,24597367,24597368
big,24597368,24597376
bym,24597376,24597419
bhc,24597419,24597470
bil,24597470,24597509
bxf,24597509,24597706
bmn,24597706,24597717
bxz,24597717,24598000
biq,24598000,24598057
btf,24598057,24598091
bqq,24598091,24598131
ije,24598131,24598173
bnw,24598173,24598305
bir,24598305,24598558
bgk,24598558,24598596
bwm,24598596,24598691
twg,24598691,24598724
bgl,24598724,24598726
mux,24598726,24598777
var,24598777,24598877
boy,24598877,24598888
cll,24598888,24598889
bmk,24598889,24598901
bus,24598901,24598936
bvo,24598936,24598947
bof,24598947,24598978
blj,24598978,24598983
peh,24598983,24598998
bpg,24598998,24599048
bnl,24599048,24599079
ulm,24599079,24599147
bly,24599147,24599157
bau,24599157,24599202
ayz,24599202,24599268
brq,24599268,24599281
kxd,24599281,24599537
boe,24599537,24600014
mpl,24600014,24600137
btp,24600137,24600148
jid,24600148,24600184
bkn,24600184,24600205
loc,24600205,24600228
bjl,24600228,24600239
bfu,24600239,24600251
bns,24600251,24600284
bys,24600284,24600413
bxm,24600413,24600444
bzu,24600444,24600494
bqr,24600494,24600496
asi,24600496,24600580
bhf,24600580,24600824
bsm,24600824,24600835
bfg,24600835,24600856
buc,24600856,24600890
bup,24600890,24600931
bte,24600931,24600953
tte,24600953,24600997
spo,24600997,24601098
wlv,24601098,24601198
gmv,24601198,24601336
lec,24601336,24601383
zbw,24601383,24601512
rkb,24601512,24601551
scq,24601551,24601587
mlw,24601587,24601632
vaf,24601632,24601678
usk,24601678,24601912
nml,24601912,24601947
gut,24601947,24602007
apl,24602007,24602048
mpq,24602048,24602087
mnd,24602087,24602128
tpc,24602128,24602244
cie,24602244,24602682
bby,24602682,24602717
cot,24602717,24602750
srz,24602750,24602782
lsa,24602782,24602811
gta,24602811,24602859
cbj,24602859,24602860
der,24602860,24602915
pth,24602915,24602956
pay,24602956,24603004
caw,24603004,24603057
hac,24603057,24603098
prh,24603098,24603110
kbh,24603110,24603168
xra,24603168,24603207
caz,24603207,24603211
ebk,24603211,24603256
ksc,24603256,24603299
poe,24603299,24603352
cps,24603352,24603383
xop,24603383,24603538
pci,24603538,24603578
zpz,24603578,24603612
ubu,24603612,24603788
win,24603788,24603888
cam,24603888,24603927
mht,24603927,24603950
ztq,24603950,24603994
cli,24603994,24604101
xkr,24604101,24604106
nri,24604106,24604150
cfa,24604150,24604217
kov,24604217,24604276
caj,24604276,24604280
cra,24604280,24604363
ciy,24604363,24604371
cjn,24604371,24604491
pei,24604491,24604492
clh,24604492,24604493
cfg,24604493,24604499
coh,24604499,24604531
cry,24604531,24604652
crq,24604652,24604688
cjv,24604688,24604906
bgp,24604906,24604958
njh,24604958,24605010
maa,24605010,24605046
cux,24605046,24605094
kcf,24605094,24605338
ubi,24605338,24605377
moe,24605377,24605504
zpl,24605504,24605551
xks,24605551,24605590
pnp,24605590,24605796
llm,24605796,24605847
lix,24605847,24605888
nhw,24605888,24605991
nhi,24605991,24606023
nch,24606023,24606056
cwd,24606056,24606076
nhc,24606076,24606116
tji,24606116,24606488
tee,24606488,24606535
khq,24606535,24606995
gqn,24606995,24607032
swq,24607032,24607061
inp,24607061,24607101
zpc,24607101,24607141
kws,24607141,24607165
sqo,24607165,24607196
xcw,24607196,24607207
mfy,24607207,24607367
zka,24607367,24607407
zpo,24607407,24607445
zpf,24607445,24607489
xcn,24607489,24607492
svc,24607492,24607534
gox,24607534,24607562
opt,24607562,24607629
jur,24607629,24607674
cui,24607674,24607734
cul,24607734,24607842
cuo,24607842,24607850
pbe,24607850,24607885
zac,24607885,24607925
zae,24607925,24607967
kpc,24607967,24608028
llk,24608028,24608031
dbe,24608031,24608032
xdc,24608032,24608040
mps,24608040,24608268
lbq,24608268,24608624
drb,24608624,24608640
djc,24608640,24608650
uhn,24608650,24608677
dac,24608677,24608716
dad,24608716,24608757
dms,24608757,24608852
lda,24608852,24608853
dnd,24608853,24608887
btn,24608887,24608898
daw,24608898,24608903
afn,24608903,24609229
dem,24609229,24609283
dei,24609283,24609284
dmy,24609284,24609434
koy,24609434,24609584
mki,24609584,24609587
dhd,24609587,24609588
dia,24609588,24609810
dum,24609810,24609833
iin,24609833,24609987
mrx,24609987,24609988
xtd,24609988,24609991
dgg,24609991,24609998
dos,24609998,24610009
doy,24610009,24610142
zgb,24610142,24610237
ddd,24610237,24610278
kzk,24610278,24610406
dol,24610406,24610493
dmu,24610493,24610528
dbm,24610528,24610564
dny,24610564,24610619
dbn,24610619,24610664
nnu,24610664,24610765
woa,24610765,24610798
kzw,24610798,24610841
kwg,24610841,24610893
lwl,24610893,24610935
ved,24610935,24610987
dbf,24610987,24611026
lnb,24611026,24611061
zko,24611061,24611343
ehu,24611343,24611370
elo,24611370,24611416
sve,24611416,24611572
elk,24611572,24611627
kiq,24611627,24611816
err,24611816,24611852
nba,24611852,24611894
enr,24611894,24611930
nzm,24611930,24611990
emw,24611990,24612143
sqa,24612143,24612177
lpe,24612177,24612215
khh,24612215,24612245
pku,24612245,24612286
erw,24612286,24612297
rod,24612297,24612331
ags,24612331,24612369
nou,24612369,24612405
gcl,24612405,24612430
faf,24612430,24612471
kiy,24612471,24612574
fal,24612574,24612605
fng,24612605,24612616
fak,24612616,24612787
fni,24612787,24612879
fay,24612879,24612890
flh,24612890,24612924
fgr,24612924,24612978
fod,24612978,24613076
frq,24613076,24613245
frd,24613245,24613417
fuu,24613417,24613457
fwa,24613457,24613470
fir,24613470,24613504
gdg,24613504,24613546
gdb,24613546,24613554
sdn,24613554,24613814
gcn,24613814,24613825
gnl,24613825,24613872
gao,24613872,24614032
pwg,24614032,24614268
wrk,24614268,24614313
gyl,24614313,24614314
gbx,24614314,24614315
ggb,24614315,24614326
sbc,24614326,24614339
geq,24614339,24614550
gek,24614550,24614562
gea,24614562,24614606
gip,24614606,24614607
gnm,24614607,24614864
gdx,24614864,24614865
gof,24614865,24614866
gnn,24614866,24614902
grq,24614902,24614915
gow,24614915,24615048
pcj,24615048,24615060
gwf,24615060,24615061
gro,24615061,24615063
guh,24615063,24615130
gnc,24615130,24615156
nhd,24615156,24615161
gyr,24615161,24615172
nji,24615172,24615277
ggd,24615277,24615281
gdc,24615281,24615286
wrw,24615286,24615290
kkp,24615290,24615294
glc,24615294,24615305
gvs,24615305,24615557
grx,24615557,24615679
dah,24615679,24615844
gye,24615844,24615855
hbu,24615855,24615866
hoj,24615866,24615869
hah,24615869,24615877
hgm,24615877,24615883
haj,24615883,24615884
hao,24615884,24616102
hlb,24616102,24616103
bgc,24616103,24616127
hrz,24616127,24616135
mey,24616135,24616142
had,24616142,24616196
hav,24616196,24616198
heg,24616198,24616212
llf,24616212,24616223
hrt,24616223,24616267
auk,24616267,24616561
hib,24616561,24616564
yhl,24616564,24616565
hmr,24616565,24616607
hmv,24616607,24616610
mrk,24616610,24616621
hoh,24616621,24616622
hti,24616622,24616624
hov,24616624,24616626
hra,24616626,24616637
hug,24616637,24616641
buh,24616641,24616902
hud,24616902,24616905
esq,24616905,24616931
hch,24616931,24616982
huh,24616982,24616993
hul,24616993,24616994
huf,24616994,24617277
hkk,24617277,24617321
tmu,24617321,24617369
ibg,24617369,24617776
ibu,24617776,24617777
idd,24617777,24617778
iff,24617778,24617790
kqf,24617790,24617802
lgq,24617802,24618023
imn,24618023,24618052
atk,24618052,24618053
inb,24618053,24618056
int,24618056,24618057
ipi,24618057,24618146
ilp,24618146,24618421
irn,24618421,24618458
isc,24618458,24618462
mir,24618462,24618492
itw,24618492,24618684
iwm,24618684,24618853
awv,24618853,24618855
jak,24618855,24618862
bxl,24618862,24618958
jns,24618958,24618981
jei,24618981,24619567
jee,24619567,24619622
jmi,24619622,24619665
jrr,24619665,24619671
mxq,24619671,24619672
kvf,24619672,24619683
xac,24619683,24619715
kzd,24619715,24619716
kad,24619716,24619726
jka,24619726,24619773
cgc,24619773,24619825
hka,24619825,24620098
kbw,24620098,24620140
lew,24620140,24620162
xai,24620162,24620163
krd,24620163,24620174
hik,24620174,24620176
kag,24620176,24620181
kke,24620181,24620182
mwp,24620182,24620242
kll,24620242,24620273
kmd,24620273,24620285
klx,24620285,24620297
kci,24620297,24620307
jmr,24620307,24620309
klp,24620309,24620447
xbw,24620447,24620448
xmu,24620448,24620480
soq,24620480,24620567
ktk,24620567,24620580
knr,24620580,24620708
wat,24620708,24620720
kmu,24620720,24620721
kbi,24620721,24620755
xar,24620755,24620756
kdj,24620756,24620804
xrw,24620804,24620974
kgw,24620974,24620975
aqm,24620975,24621011
kcb,24621011,24621157
txu,24621157,24621193
khz,24621193,24621205
keu,24621205,24621216
meo,24621216,24621230
kmt,24621230,24621268
gat,24621268,24621436
knq,24621436,24621439
xnz,24621439,24621440
zhi,24621440,24621451
kpn,24621451,24621457
kxz,24621457,24621565
ktt,24621565,24621566
kjs,24621566,24621753
khf,24621753,24621754
hol,24621754,24621794
kih,24621794,24621795
sbt,24621795,24621839
ues,24621839,24621841
kis,24621841,24622008
ktu,24622008,24622009
mkw,24622009,24622040
ksz,24622040,24622042
kou,24622042,24622053
kex,24622053,24622054
kpf,24622054,24622299
tyn,24622299,24622638
kvh,24622638,24622749
kjk,24622749,24622773
xkq,24622773,24622815
xor,24622815,24622816
kze,24622816,24622817
kvc,24622817,24623053
nra,24623053,24623056
xbm,24623056,24623061
bzj,24623061,24623063
sdq,24623063,24623108
xmh,24623108,24623111
kui,24623111,24623156
vkl,24623156,24623199
kfn,24623199,24623306
kuo,24623306,24623364
kvn,24623364,24623423
nqk,24623423,24623424
ktm,24623424,24623431
kgg,24623431,24623490
gmb,24623490,24623524
qwt,24623524,24623535
kwj,24623535,24623569
kwn,24623569,24623613
xau,24623613,24623684
kkb,24623684,24623685
kyc,24623685,24623778
sru,24623778,24623810
tol,24623810,24623822
lau,24623822,24623824
cly,24623824,24623825
lkl,24623825,24623836
lhh,24623836,24623839
lmu,24623839,24623876
lbz,24623876,24623976
lan,24623976,24624016
ltn,24624016,24624017
lur,24624017,24624019
lre,24624019,24624033
lbv,24624033,24624251
whk,24624251,24624254
lfa,24624254,24624288
lle,24624288,24624290
lpa,24624290,24624329
ldj,24624329,24624340
lgi,24624340,24624345
lej,24624345,24624356
ler,24624356,24624382
ndy,24624382,24624414
zln,24624414,24624511
ekm,24624511,24624551
lbl,24624551,24624591
lio,24624591,24624594
lmc,24624594,24624632
klw,24624632,24624643
dgt,24624643,24624644
zlj,24624644,24624739
mod,24624739,24624804
lbr,24624804,24624815
lky,24624815,24624856
kys,24624856,24624861
zbe,24624861,24624877
lop,24624877,24624913
xlb,24624913,24624924
vil,24624924,24624978
lul,24624978,24625018
umg,24625018,24625054
lup,24625054,24625066
tjs,24625066,24625268
lyg,24625268,24625269
tiz,24625269,24625560
mew,24625560,24625672
ymm,24625672,24625719
mqa,24625719,24625730
wpc,24625730,24625732
bsf,24625732,24625763
zml,24625763,24625831
zmg,24625831,24625835
mhb,24625835,24625836
mzz,24625836,24625837
vmf,24625837,24625839
zrs,24625839,24626211
mti,24626211,24626484
mcp,24626484,24626485
vml,24626485,24626512
gcc,24626512,24626513
mzd,24626513,24626514
yga,24626514,24626550
shz,24626550,24626755
zma,24626755,24626788
zmk,24626788,24626793
mry,24626793,24626859
mqr,24626859,24626860
kby,24626860,24626903
mbh,24626903,24626914
rkh,24626914,24626960
emk,24626960,24626961
msw,24626961,24626963
wha,24626963,24626966
nbi,24626966,24627024
mpy,24627024,24627035
nma,24627035,24627080
mvr,24627080,24627092
mvu,24627092,24627097
hob,24627097,24627136
mbx,24627136,24627273
zmd,24627273,24627305
zmj,24627305,24627338
mbw,24627338,24627348
zmt,24627348,24627383
mfr,24627383,24627417
zmy,24627417,24627420
xru,24627420,24627448
msb,24627448,24627672
mss,24627672,24627683
dro,24627683,24627695
mpw,24627695,24627731
mke,24627731,24627732
mgk,24627732,24627811
zmn,24627811,24627812
mqb,24627812,24627859
mgy,24627859,24627861
mej,24627861,24627907
mjm,24627907,24627914
mfj,24627914,24627942
mef,24627942,24627943
nwy,24627943,24628085
gdq,24628085,24628177
msf,24628177,24628304
mxm,24628304,24628315
pmy,24628315,24628330
mfx,24628330,24628332
mtj,24628332,24628373
mvx,24628373,24628416
wry,24628416,24628417
mtr,24628417,24628420
wtm,24628420,24628421
crg,24628421,24628498
rmh,24628498,24628568
mlj,24628568,24628579
mcv,24628579,24628618
mpn,24628618,24628629
wii,24628629,24628674
lhs,24628674,24628716
kja,24628716,24628717
mmu,24628717,24628758
bex,24628758,24628818
mfg,24628818,24628819
msl,24628819,24628852
ver,24628852,24629034
npn,24629034,24629038
xmz,24629038,24629307
mdb,24629307,24629409
mqn,24629409,24629494
kqx,24629494,24629816
mnf,24629816,24629857
mth,24629857,24629916
mpv,24629916,24630109
mxr,24630109,24630121
mui,24630121,24630124
msu,24630124,24630199
tuc,24630199,24630280
mjh,24630280,24630282
mhn,24630282,24630324
mkl,24630324,24630329
bxd,24630329,24630361
asj,24630361,24630391
xsi,24630391,24630435
khc,24630435,24630477
kjl,24630477,24630543
pbv,24630543,24630545
jao,24630545,24630619
xxk,24630619,24630663
zsa,24630663,24630704
srf,24630704,24630752
nxx,24630752,24630754
nme,24630754,24630789
nkj,24630789,24630791
yog,24630791,24630875
nxe,24630875,24630968
xkb,24630968,24630969
nqg,24630969,24630970
mzo,24630970,24630974
bio,24630974,24631178
bwb,24631178,24631182
nck,24631182,24631183
nae,24631183,24631194
txe,24631194,24631295
tgt,24631295,24631527
bln,24631527,24631568
nnc,24631568,24631686
sen,24631686,24631687
npy,24631687,24631698
wew,24631698,24631928
nnr,24631928,24632000
tby,24632000,24632032
nyq,24632032,24632037
lma,24632037,24632079
nda,24632079,24632080
ums,24632080,24632153
tdi,24632153,24632195
nif,24632195,24632431
nej,24632431,24632513
nnf,24632513,24632713
nbv,24632713,24632714
gix,24632714,24632779
kpl,24632779,24632809
ngg,24632809,24632839
agh,24632839,24632873
nbq,24632873,24632894
tmm,24632894,24632990
aos,24632990,24633017
sao,24633017,24633037
sgi,24633037,24633076
wms,24633076,24633312
nmw,24633312,24633353
gbe,24633353,24633816
nil,24633816,24633970
noe,24633970,24633972
nby,24633972,24633973
nxr,24633973,24634272
niz,24634272,24634463
nps,24634463,24634501
bjp,24634501,24634740
wru,24634740,24634823
txm,24634823,24634894
tlk,24634894,24634936
sps,24634936,24635154
raz,24635154,24635196
pdo,24635196,24635242
num,24635242,24635247
nkz,24635247,24635456
nkx,24635456,24635494
nom,24635494,24635497
not,24635497,24635548
tes,24635548,24635594
noh,24635594,24635654
nbu,24635654,24635665
nnv,24635665,24635678
noc,24635678,24635850
nuc,24635850,24635851
nop,24635851,24636003
nnw,24636003,24636014
yot,24636014,24636050
nny,24636050,24636391
neo,24636391,24636405
afz,24636405,24636453
onj,24636453,24636639
opo,24636639,24636758
orc,24636758,24636807
orw,24636807,24636845
bpk,24636845,24636856
osi,24636856,24636858
oti,24636858,24636860
wsr,24636860,24637025
ppt,24637025,24637293
pcp,24637293,24637304
lgt,24637304,24637549
pck,24637549,24637561
pkg,24637561,24637592
pln,24637592,24637604
pmk,24637604,24637615
kre,24637615,24637646
psn,24637646,24637684
paz,24637684,24637685
pas,24637685,24637720
prf,24637720,24637731
paf,24637731,24637736
psq,24637736,24637848
ptn,24637848,24637859
mfa,24637859,24637862
psm,24637862,24637866
yki,24637866,24637873
pwa,24637873,24638186
rak,24638186,24638189
pez,24638189,24638191
pex,24638191,24638202
xtm,24638202,24638203
pfl,24638203,24638226
ypg,24638226,24638227
ypz,24638227,24638228
fpe,24638228,24638273
piz,24638273,24638286
pis,24638286,24638363
pti,24638363,24638368
bxi,24638368,24638416
pie,24638416,24638427
ktj,24638427,24638438
gob,24638438,24638490
pmo,24638490,24638538
ncc,24638538,24638549
pog,24638549,24638550
pna,24638550,24638561
puc,24638561,24638564
puj,24638564,24638571
pne,24638571,24638582
puq,24638582,24638586
cpx,24638586,24638588
zqe,24638588,24638682
mqk,24638682,24638693
gra,24638693,24638694
ral,24638694,24638697
tac,24638697,24638699
kjx,24638699,24638860
lbf,24638860,24638872
ray,24638872,24638873
rwo,24638873,24639077
rem,24639077,24639081
rey,24639081,24639087
rmk,24639087,24639100
rnd,24639100,24639101
sym,24639101,24639102
bvq,24639102,24639144
sae,24639144,24639203
skm,24639203,24639264
tmj,24639264,24639298
sxm,24639298,24639347
stu,24639347,24639348
stn,24639348,24639542
spi,24639542,24639582
sar,24639582,24639621
ssx,24639621,24639785
tvw,24639785,24639796
sbg,24639796,24639873
pga,24639873,24639921
tuf,24639921,24640004
sif,24640004,24640123
etz,24640123,24640167
sds,24640167,24640168
snu,24640168,24640205
sni,24640205,24640209
spb,24640209,24640300
spe,24640300,24640306
spm,24640306,24640320
szd,24640320,24640323
seu,24640323,24640404
stf,24640404,24640461
ste,24640461,24640472
sbi,24640472,24640529
sha,24640529,24640560
sho,24640560,24640593
swv,24640593,24640594
trr,24640594,24640631
aws,24640631,24640685
slw,24640685,24640744
zts,24640744,24640784
sxe,24640784,24640785
sky,24640785,24640968
wul,24640968,24641030
mkc,24641030,24641224
bts,24641224,24641266
siu,24641266,24641342
guu,24641342,24641394
sso,24641394,24641405
awy,24641405,24641444
siq,24641444,24641556
sbh,24641556,24641603
krz,24641603,24641743
wne,24641743,24641781
stl,24641781,24641837
tkq,24641837,24641873
seo,24641873,24641874
swx,24641874,24641875
sqn,24641875,24641886
ssu,24641886,24641893
syw,24641893,24641894
tlq,24641894,24641900
ten,24641900,24641911
tmz,24641911,24641919
tgn,24641919,24641920
tbs,24641920,24641933
tbe,24641933,24642061
kxn,24642061,24642066
tgr,24642066,24642077
kli,24642077,24642109
twb,24642109,24642121
tpa,24642121,24642132
tbt,24642132,24642133
tmw,24642133,24642139
tex,24642139,24642241
tft,24642241,24642253
typ,24642253,24642256
zyj,24642256,24642354
otl,24642354,24642360
tim,24642360,24642605
tpz,24642605,24642618
tbv,24642618,24642845
tlg,24642845,24642878
zuh,24642878,24642966
hmb,24642966,24643009
tno,24643009,24643011
ttn,24643011,24643046
tip,24643046,24643048
tgq,24643048,24643056
tsa,24643056,24643057
sek,24643057,24643072
tmq,24643072,24643099
twt,24643099,24643100
tww,24643100,24643317
tux,24643317,24643318
tud,24643318,24643319
mix,24643319,24643324
twd,24643324,24643327
uuu,24643327,24643328
ufi,24643328,24643555
ugo,24643555,24643566
gdn,24643566,24643746
xky,24643746,24643749
umb,24643749,24643808
unz,24643808,24643810
bbn,24643810,24643813
urt,24643813,24644110
urn,24644110,24644156
uru,24644156,24644167
ulf,24644167,24644200
vae,24644200,24644207
vas,24644207,24644208
vel,24644208,24644210
vem,24644210,24644211
vit,24644211,24644213
wbr,24644213,24644214
wli,24644214,24644316
wll,24644316,24644385
wly,24644385,24644392
wrs,24644392,24644426
hwa,24644426,24644437
wba,24644437,24644549
wsa,24644549,24644587
wax,24644587,24644615
wuy,24644615,24644661
wyr,24644661,24644665
weo,24644665,24644676
zhd,24644676,24644773
wei,24644773,24644929
wih,24644929,24644932
wig,24644932,24644937
wik,24644937,24644940
xwc,24644940,24644951
wbw,24644951,24644999
wmo,24644999,24645337
wtw,24645337,24645348
wux,24645348,24645353
wum,24645353,24645364
bwn,24645364,24645469
xer,24645469,24645515
zhn,24645515,24645611
yww,24645611,24645616
yll,24645616,24645671
yis,24645671,24645922
yob,24645922,24645933
yon,24645933,24646492
mts,24646492,24646493
cuu,24646493,24646590
zro,24646590,24646738
zhw,24646738,24646866
kht,24646866,24646867
bcd,24646867,24647021
eso,24647021,24647027
ett,24647027,24647145
dna,24647145,24647211
udl,24647211,24647273
nfd,24647273,24647314
prq,24647314,24647373
gno,24647373,24647462
zpx,24647462,24647501
aqd,24647501,24647512
sci,24647512,24647550
cok,24647550,24647575
aat,24647575,24647577
tck,24647577,24647578
xpf,24647578,24647958
ulu,24647958,24647963
gdh,24647963,24648088
xct,24648088,24648098
kdk,24648098,24648112
wlm,24648112,24648124
czn,24648124,24648158
rgs,24648158,24648168
neq,24648168,24648181
bnj,24648181,24648183
csw,24648183,24648188
wlh,24648188,24648199
ojp,24648199,24648209
jut,24648209,24648210
kzo,24648210,24648211
xpb,24648211,24648455
xkg,24648455,24648457
mxf,24648457,24648458
xpd,24648458,24648460
mdw,24648460,24648462
pll,24648462,24648464
mib,24648464,24648465
sog,24648465,24648485
iti,24648485,24648486
ijj,24648486,24648487
ica,24648487,24648488
aku,24648488,24648490
sli,24648490,24648513
njj,24648513,24648514
xmk,24648514,24648515
pnt,24648515,24648567
mgh,24648567,24648821
plq,24648821,24648834
zgh,24648834,24649255
hng,24649255,24649256
dwk,24649256,24649257
zba,24649257,24649258
csp,24649258,24649259
cnp,24649259,24649260
jrb,24649260,24649267
haz,24649267,24649269
abv,24649269,24649271
bqi,24649271,24649351
lki,24649351,24649357
syr,24649357,24649363
nqo,24649363,24649365
mwr,24649365,24649366
scp,24649366,24649367
vah,24649367,24649369
syl,24649369,24649372
blx,24649372,24649373
oge,24649373,24649385
xwo,24649385,24649423
ecy,24649423,24649424
air,24649424,24649425
llg,24649425,24649426
cml,24649426,24649427
odt,24649427,24649452
atv,24649452,24649455
hvc,24649455,24649457
avd,24649457,24649526
xce,24649526,24649530
sia,24649530,24649538
pkc,24649538,24649548
xeb,24649548,24649551
xls,24649551,24649556
ims,24649556,24649558
owl,24649558,24649569
xmn,24649569,24649573
ayh,24649573,24649574
mit,24649574,24649576
xhd,24649576,24649577
trf,24649577,24649579
kho,24649579,24649581
sip,24649581,24649590
inm,24649590,24649592
sjk,24649592,24649595
spx,24649595,24649596
xdm,24649596,24649597
xqt,24649597,24649598
hms,24649598,24649599
jml,24649599,24649600
czk,24649600,24649601
obt,24649601,24649603
xpy,24649603,24649604
mfp,24649604,24649606
idb,24649606,24649612
sno,24649612,24649620
pmh,24649620,24649622
zca,24649622,24649635
zpv,24649635,24649643
xib,24649643,24649644
gis,24649644,24649645
mue,24649645,24649647
omw,24649647,24649648
xzh,24649648,24649649
geh,24649649,24649650
trx,24649650,24649653
nhv,24649653,24649655
ska,24649655,24649661
pls,24649661,24649662
den,24649662,24649663
cpi,24649663,24649664
lir,24649664,24649665
jvn,24649665,24649666
xke,24649666,24649667
xlg,24649667,24649692
yol,24649692,24649696
xil,24649696,24649698
sdz,24649698,24649699
gos,24649699,24649701
mxt,24649701,24649702
smg,24649702,24649704
tks,24649704,24649708
bnv,24649708,24649709
aec,24649709,24649710
smp,24649710,24649711
ojc,24649711,24649712
gac,24649712,24649714
dso,24649714,24649718
gyo,24649718,24649720
dto,24649720,24649731
dbt,24649731,24649742
gku,24649742,24649746
hvv,24649746,24649757
hve,24649757,24649767
yda,24649767,24649771
ahr,24649771,24649772
bgd,24649772,24649773
rtw,24649773,24649774
rnr,24649774,24649775
dda,24649775,24649776
xni,24649776,24649777
bfy,24649777,24649781
dmf,24649781,24649782
